<?xml version="1.0"?>
<!DOCTYPE hibernate-mapping PUBLIC "-//Hibernate/Hibernate Mapping DTD 3.0//EN"
"http://www.hibernate.org/dtd/hibernate-mapping-3.0.dtd">
<!-- Generated 5-Jun-2019 4:17:46 PM by Hibernate Tools 4.3.1 -->
<hibernate-mapping>
    <class name="com.vbrain.hibernate.access.model.Application" table="Application" optimistic-lock="version">
        <id name="id" type="int">
            <column name="ID" />
            <generator class="assigned" />
        </id>
        <property name="appId" type="string">
            <column name="APP_ID" />
        </property>
        <property name="appCatId" type="string">
            <column name="AppCAT_ID" />
        </property>
        <property name="appShortname" type="string">
            <column name="App_Shortname" />
        </property>
        <property name="description" type="string">
            <column name="Description" length="16777216" />
        </property>
        <property name="type" type="string">
            <column name="Type" />
        </property>
        <property name="prodUrl" type="string">
            <column name="Prod_Url" />
        </property>
        <property name="uatUrl" type="string">
            <column name="UAT_Url" />
        </property>
        <property name="qaUrl" type="string">
            <column name="QA_Url" />
        </property>
        <property name="devUrl" type="string">
            <column name="Dev_Url" />
        </property>
        <property name="appManager" type="string">
            <column name="App_Manager" />
        </property>
        <property name="support" type="string">
            <column name="Support" />
        </property>
        <property name="internalExternal" type="string">
            <column name="Internal_External" />
        </property>
    </class>
</hibernate-mapping>
