<?xml version="1.0"?>
<!DOCTYPE hibernate-mapping PUBLIC "-//Hibernate/Hibernate Mapping DTD 3.0//EN"
"http://www.hibernate.org/dtd/hibernate-mapping-3.0.dtd">
<!-- Generated 5-Jun-2019 4:17:46 PM by Hibernate Tools 4.3.1 -->
<hibernate-mapping>
    <class name="com.vbrain.hibernate.access.model.Bot" table="BOT" optimistic-lock="version">
        <id name="id" type="int">
            <column name="ID" />
            <generator class="assigned" />
        </id>
        <property name="botId" type="string">
            <column name="BOT_ID" />
        </property>
        <property name="officeId" type="string">
            <column name="Office_ID" />
        </property>
        <property name="botEin" type="string">
            <column name="Bot_EIN" />
        </property>
        <property name="managerName" type="string">
            <column name="Manager_Name" />
        </property>
        <property name="expiryDate" type="string">
            <column name="Expiry_date" />
        </property>
        <property name="emailId" type="string">
            <column name="Email_ID" />
        </property>
        <property name="nodeType" type="string">
            <column name="Node_Type" />
        </property>
        <property name="apmNodeUrl" type="string">
            <column name="APM_Node_URL" />
        </property>
        <property name="cin" type="string">
            <column name="CIN" />
        </property>
    </class>
</hibernate-mapping>
