<?xml version="1.0"?>
<!DOCTYPE hibernate-mapping PUBLIC "-//Hibernate/Hibernate Mapping DTD 3.0//EN"
"http://www.hibernate.org/dtd/hibernate-mapping-3.0.dtd">
<!-- Generated 5-Jun-2019 4:17:46 PM by Hibernate Tools 4.3.1 -->
<hibernate-mapping>
    <class name="com.vbrain.hibernate.access.model.BpTransactions" table="BP_Transactions" optimistic-lock="version">
        <id name="id" type="int">
            <column name="ID" />
            <generator class="assigned" />
        </id>
        <property name="processId" type="string">
            <column name="Process_ID" />
        </property>
        <property name="runDate" type="timestamp">
            <column name="Run_Date" length="26" />
        </property>
        <property name="totalTransactions" type="java.lang.Integer">
            <column name="Total_Transactions" />
        </property>
        <property name="successfulTransactions" type="java.lang.Integer">
            <column name="Successful_Transactions" />
        </property>
        <property name="technicalFailureTransactions" type="java.lang.Integer">
            <column name="Technical_Failure_Transactions" />
        </property>
        <property name="businessFailureTransaction" type="java.lang.Integer">
            <column name="Business_Failure_Transaction" />
        </property>
    </class>
</hibernate-mapping>
