<?xml version="1.0"?>
<!DOCTYPE hibernate-mapping PUBLIC "-//Hibernate/Hibernate Mapping DTD 3.0//EN"
"http://www.hibernate.org/dtd/hibernate-mapping-3.0.dtd">
<!-- Generated 5-Jun-2019 4:17:46 PM by Hibernate Tools 4.3.1 -->
<hibernate-mapping>
    <class name="com.vbrain.hibernate.access.model.BpWfinst" table="BP_WFInst" optimistic-lock="version">
        <id name="id" type="int">
            <column name="ID" />
            <generator class="assigned" />
        </id>
        <property name="processId" type="string">
            <column name="Process_ID" />
        </property>
        <property name="wfInstanceId" type="string">
            <column name="WF_Instance_ID" />
        </property>
    </class>
</hibernate-mapping>
