<?xml version="1.0"?>
<!DOCTYPE hibernate-mapping PUBLIC "-//Hibernate/Hibernate Mapping DTD 3.0//EN"
"http://www.hibernate.org/dtd/hibernate-mapping-3.0.dtd">
<!-- Generated 5-Jun-2019 4:17:46 PM by Hibernate Tools 4.3.1 -->
<hibernate-mapping>
    <class name="com.vbrain.hibernate.access.model.BusinessProcess" table="Business_Process" optimistic-lock="version">
        <id name="id" type="int">
            <column name="ID" />
            <generator class="assigned" />
        </id>
        <property name="processId" type="string">
            <column name="Process_ID" />
        </property>
        <property name="shortName" type="string">
            <column name="Short_Name" />
        </property>
        <property name="processName" type="string">
            <column name="Process_Name" length="16777216" />
        </property>
        <property name="pillar" type="string">
            <column name="Pillar" />
        </property>
        <property name="lob" type="string">
            <column name="LOB" />
        </property>
        <property name="schedule" type="string">
            <column name="Schedule" length="16777216" />
        </property>
        <property name="projectArtifactsUrl" type="string">
            <column name="Project_Artifacts_url" length="16777216" />
        </property>
        <property name="contingencyPlanUrl" type="string">
            <column name="Contingency_plan_url" />
        </property>
        <property name="mto" type="string">
            <column name="MTO" />
        </property>
        <property name="processCriticality" type="string">
            <column name="Process_criticality" />
        </property>
        <property name="processDescription" type="string">
            <column name="Process_description" length="16777216" />
        </property>
        <property name="unitOfWork" type="string">
            <column name="Unit_of_Work" />
        </property>
        <property name="expectedSuccessRate" type="string">
            <column name="Expected_Success_Rate" />
        </property>
        <property name="liveDate" type="timestamp">
            <column name="Live_Date" length="26" />
        </property>
        <property name="lastRunTime" type="timestamp">
            <column name="Last_Run_Time" length="26" />
        </property>
        <property name="bpStatusActive" type="java.lang.Boolean">
            <column name="BP_Status_Active" />
        </property>
    </class>
</hibernate-mapping>
