<?xml version="1.0"?>
<!DOCTYPE hibernate-mapping PUBLIC "-//Hibernate/Hibernate Mapping DTD 3.0//EN"
"http://www.hibernate.org/dtd/hibernate-mapping-3.0.dtd">
<!-- Generated 5-Jun-2019 4:17:46 PM by Hibernate Tools 4.3.1 -->
<hibernate-mapping>
    <class name="com.vbrain.hibernate.access.model.Node" table="Node" optimistic-lock="version">
        <id name="id" type="int">
            <column name="ID" />
            <generator class="assigned" />
        </id>
        <property name="nodeId" type="string">
            <column name="NODE_ID" />
        </property>
        <property name="machineName" type="string">
            <column name="Machine_Name" />
        </property>
        <property name="type" type="string">
            <column name="Type" />
        </property>
        <property name="hubName" type="string">
            <column name="Hub_Name" />
        </property>
        <property name="hubUrl" type="string">
            <column name="Hub_URL" />
        </property>
        <property name="nodeName" type="string">
            <column name="Node_Name" />
        </property>
        <property name="apmNodeUrl" type="string">
            <column name="APM_Node_URL" />
        </property>
        <property name="environment" type="string">
            <column name="Environment" />
        </property>
    </class>
</hibernate-mapping>
