<?xml version="1.0"?>
<!DOCTYPE hibernate-mapping PUBLIC "-//Hibernate/Hibernate Mapping DTD 3.0//EN"
"http://www.hibernate.org/dtd/hibernate-mapping-3.0.dtd">
<!-- Generated 5-Jun-2019 4:17:46 PM by Hibernate Tools 4.3.1 -->
<hibernate-mapping>
    <class name="com.vbrain.hibernate.access.model.Users" table="Users" optimistic-lock="version">
        <id name="id" type="int">
            <column name="ID" />
            <generator class="assigned" />
        </id>
        <property name="userId" type="string">
            <column name="User_ID" />
        </property>
        <property name="userName" type="string">
            <column name="User_Name" />
        </property>
        <property name="emailId" type="string">
            <column name="Email_ID" />
        </property>
        <property name="userType" type="string">
            <column name="User_Type" />
        </property>
    </class>
</hibernate-mapping>
