<?xml version="1.0"?>
<!DOCTYPE hibernate-mapping PUBLIC "-//Hibernate/Hibernate Mapping DTD 3.0//EN"
"http://www.hibernate.org/dtd/hibernate-mapping-3.0.dtd">
<!-- Generated 5-Jun-2019 4:17:46 PM by Hibernate Tools 4.3.1 -->
<hibernate-mapping>
    <class name="com.vbrain.hibernate.access.model.WfInstance" table="WF_Instance" optimistic-lock="version">
        <id name="id" type="int">
            <column name="ID" />
            <generator class="assigned" />
        </id>
        <property name="wfInstanceId" type="string">
            <column name="WF_Instance_ID" />
        </property>
        <property name="environment" type="string">
            <column name="Environment" />
        </property>
        <property name="ctUrl" type="string">
            <column name="CT_Url" />
        </property>
        <property name="apmUrl" type="string">
            <column name="APM_Url" />
        </property>
        <property name="wfVersion" type="string">
            <column name="WF_Version" />
        </property>
        <property name="wsUrl" type="string">
            <column name="WS_URL" />
        </property>
    </class>
</hibernate-mapping>
