<?xml version="1.0"?>
<!DOCTYPE hibernate-mapping PUBLIC "-//Hibernate/Hibernate Mapping DTD 3.0//EN"
"http://www.hibernate.org/dtd/hibernate-mapping-3.0.dtd">
<!-- Generated 7-Jun-2019 3:59:55 PM by Hibernate Tools 4.3.1 -->
<hibernate-mapping>
    <class name="com.vbrain.hibernate.model.Capabilities" table="capabilities" catalog="vbrain" optimistic-lock="version">
        <id name="capabilityId" type="java.lang.Integer">
            <column name="capability_id" />
            <generator class="identity" />
        </id>
        <many-to-one name="nodes" class="com.vbrain.hibernate.model.Nodes" fetch="select">
            <column name="nodes_node_id" not-null="true" />
        </many-to-one>
        <property name="name" type="string">
            <column name="name" length="45" />
        </property>
        <property name="value" type="string">
            <column name="value" />
        </property>
    </class>
</hibernate-mapping>
