<?xml version="1.0"?>
<!DOCTYPE hibernate-mapping PUBLIC "-//Hibernate/Hibernate Mapping DTD 3.0//EN"
"http://www.hibernate.org/dtd/hibernate-mapping-3.0.dtd">
<!-- Generated 7-Jun-2019 3:59:55 PM by Hibernate Tools 4.3.1 -->
<hibernate-mapping>
    <class name="com.vbrain.hibernate.model.EmailStatus" table="email_status" catalog="vbrain" optimistic-lock="version">
        <id name="idEmailStatus" type="java.lang.Integer">
            <column name="id_email_status" />
            <generator class="identity" />
        </id>
        <property name="status" type="boolean">
            <column name="status" not-null="true" />
        </property>
    </class>
</hibernate-mapping>
