<?xml version="1.0"?>
<!DOCTYPE hibernate-mapping PUBLIC "-//Hibernate/Hibernate Mapping DTD 3.0//EN"
"http://www.hibernate.org/dtd/hibernate-mapping-3.0.dtd">
<!-- Generated 7-Jun-2019 3:59:55 PM by Hibernate Tools 4.3.1 -->
<hibernate-mapping>
    <class name="com.vbrain.hibernate.model.Email" table="email" catalog="vbrain" optimistic-lock="version">
        <id name="emailId" type="java.lang.Integer">
            <column name="email_id" />
            <generator class="identity" />
        </id>
        <property name="to" type="string">
            <column name="to" length="65" not-null="false" />
        </property>
        <property name="cc" type="string">
            <column name="cc" length="65" not-null="false" />
        </property>
    </class>
</hibernate-mapping>
