<?xml version="1.0"?>
<!DOCTYPE hibernate-mapping PUBLIC "-//Hibernate/Hibernate Mapping DTD 3.0//EN"
"http://www.hibernate.org/dtd/hibernate-mapping-3.0.dtd">
<!-- Generated 7-Jun-2019 3:59:55 PM by Hibernate Tools 4.3.1 -->
<hibernate-mapping>
    <class name="com.vbrain.hibernate.model.Hubs" table="hubs" catalog="vbrain" optimistic-lock="version">
        <id name="hubId" type="java.lang.Integer">
            <column name="hub_id" />
            <generator class="identity" />
        </id>
        <many-to-one name="servers" class="com.vbrain.hibernate.model.Servers" fetch="select">
            <column name="servers_server_id" not-null="true" />
        </many-to-one>
        <many-to-one name="status" class="com.vbrain.hibernate.model.Status" fetch="select">
            <column name="status_id_status" not-null="true" />
        </many-to-one>
        <property name="hubName" type="string">
            <column name="hub_name" length="45" />
        </property>
        <property name="url" type="string">
            <column name="url" />
        </property>
        <property name="emailState" type="boolean">
            <column name="email_state" not-null="true" />
        </property>
        <set name="nodeses" table="nodes" inverse="true" lazy="true" fetch="select">
            <key>
                <column name="hubs_hub_id" not-null="true" />
            </key>
            <one-to-many class="com.vbrain.hibernate.model.Nodes" />
        </set>
    </class>
</hibernate-mapping>
