<?xml version="1.0"?>
<!DOCTYPE hibernate-mapping PUBLIC "-//Hibernate/Hibernate Mapping DTD 3.0//EN"
"http://www.hibernate.org/dtd/hibernate-mapping-3.0.dtd">
<!-- Generated 7-Jun-2019 3:59:55 PM by Hibernate Tools 4.3.1 -->
<hibernate-mapping>
    <class name="com.vbrain.hibernate.model.Nodes" table="nodes" catalog="vbrain" optimistic-lock="version">
        <id name="nodeId" type="java.lang.Integer">
            <column name="node_id" />
            <generator class="identity" />
        </id>
        <many-to-one name="hubs" class="com.vbrain.hibernate.model.Hubs" fetch="select">
            <column name="hubs_hub_id" not-null="true" />
        </many-to-one>
        <many-to-one name="status" class="com.vbrain.hibernate.model.Status" fetch="select">
            <column name="node_status_id_status" not-null="true" />
        </many-to-one>
        <property name="nodeName" type="string">
            <column name="node_name" length="65" />
        </property>
        <property name="url" type="string">
            <column name="url" />
        </property>
        <set name="capabilitieses" table="capabilities" inverse="true" lazy="true" fetch="select">
            <key>
                <column name="nodes_node_id" not-null="true" />
            </key>
            <one-to-many class="com.vbrain.hibernate.model.Capabilities" />
        </set>
    </class>
</hibernate-mapping>
