<?xml version="1.0"?>
<!DOCTYPE hibernate-mapping PUBLIC "-//Hibernate/Hibernate Mapping DTD 3.0//EN"
"http://www.hibernate.org/dtd/hibernate-mapping-3.0.dtd">
<!-- Generated 7-Jun-2019 3:59:55 PM by Hibernate Tools 4.3.1 -->
<hibernate-mapping>
    <class name="com.vbrain.hibernate.model.OcrData" table="ocr_data" catalog="vbrain">
        <id name="dataId" type="java.lang.Integer">
            <column name="data_id" />
            <generator class="identity" />
        </id>
        <timestamp name="timestamp" column="timestamp" />
        <property name="queued" type="int">
            <column name="queued" not-null="true" />
        </property>
        <property name="inProgress" type="int">
            <column name="in_progress" not-null="true" />
        </property>
        <property name="completed" type="int">
            <column name="completed" not-null="true" />
        </property>
    </class>
</hibernate-mapping>
