<?xml version="1.0"?>
<!DOCTYPE hibernate-mapping PUBLIC "-//Hibernate/Hibernate Mapping DTD 3.0//EN"
"http://www.hibernate.org/dtd/hibernate-mapping-3.0.dtd">
<!-- Generated 7-Jun-2019 3:59:55 PM by Hibernate Tools 4.3.1 -->
<hibernate-mapping>
    <class name="com.vbrain.hibernate.model.OcrProperties" table="ocr_properties" catalog="vbrain" optimistic-lock="version">
        <id name="idProp" type="java.lang.Integer">
            <column name="id_prop" />
            <generator class="identity" />
        </id>
        <property name="maxJobs" type="int">
            <column name="max_jobs" not-null="true" />
        </property>
    </class>
</hibernate-mapping>
