<?xml version="1.0"?>
<!DOCTYPE hibernate-mapping PUBLIC "-//Hibernate/Hibernate Mapping DTD 3.0//EN"
"http://www.hibernate.org/dtd/hibernate-mapping-3.0.dtd">
<!-- Generated 7-Jun-2019 3:59:55 PM by Hibernate Tools 4.3.1 -->
<hibernate-mapping>
    <class name="com.vbrain.hibernate.model.Servers" table="servers" catalog="vbrain" optimistic-lock="version">
        <id name="serverId" type="java.lang.Integer">
            <column name="server_id" />
            <generator class="identity" />
        </id>
        <property name="serverName" type="string">
            <column name="server_name" length="65" />
        </property>
        <property name="url" type="string">
            <column name="url" />
        </property>
        <set name="hubses" table="hubs" inverse="true" lazy="true" fetch="select">
            <key>
                <column name="servers_server_id" not-null="true" />
            </key>
            <one-to-many class="com.vbrain.hibernate.model.Hubs" />
        </set>
    </class>
</hibernate-mapping>
