<?xml version="1.0"?>
<!DOCTYPE hibernate-mapping PUBLIC "-//Hibernate/Hibernate Mapping DTD 3.0//EN"
"http://www.hibernate.org/dtd/hibernate-mapping-3.0.dtd">
<!-- Generated 7-Jun-2019 3:59:55 PM by Hibernate Tools 4.3.1 -->
<hibernate-mapping>
    <class name="com.vbrain.hibernate.model.Status" table="status" catalog="vbrain" optimistic-lock="version">
        <id name="idStatus" type="java.lang.Integer">
            <column name="id_status" />
            <generator class="identity" />
        </id>
        <property name="status" type="string">
            <column name="status" length="45" />
        </property>
        <set name="nodeses" table="nodes" inverse="true" lazy="true" fetch="select">
            <key>
                <column name="node_status_id_status" not-null="true" />
            </key>
            <one-to-many class="com.vbrain.hibernate.model.Nodes" />
        </set>
        <set name="hubses" table="hubs" inverse="true" lazy="true" fetch="select">
            <key>
                <column name="status_id_status" not-null="true" />
            </key>
            <one-to-many class="com.vbrain.hibernate.model.Hubs" />
        </set>
    </class>
</hibernate-mapping>
