<?xml version="1.0" encoding="UTF-8"?>
<!DOCTYPE hibernate-reverse-engineering PUBLIC "-//Hibernate/Hibernate Reverse Engineering DTD 3.0//EN" "http://hibernate.sourceforge.net/hibernate-reverse-engineering-3.0.dtd">

<hibernate-reverse-engineering>
  <schema-selection match-catalog="PUBLIC"/>
  <table-filter match-name="BOT"/>
  <table-filter match-name="Optional_BPs"/>
  <table-filter match-name="Temp_BPs"/>
  <table-filter match-name="Business_Process"/>
  <table-filter match-name="BOT_Node"/>
  <table-filter match-name="BP_User"/>
  <table-filter match-name="BP_App"/>
  <table-filter match-name="Application"/>
  <table-filter match-name="Node_Capability"/>
  <table-filter match-name="BP_BOTs"/>
  <table-filter match-name="Users"/>
  <table-filter match-name="Node"/>
  <table-filter match-name="BP_Transactions"/>
  <table-filter match-name="BP_WFInst"/>
  <table-filter match-name="WF_Instance"/>
</hibernate-reverse-engineering>
