<?xml version="1.0" encoding="UTF-8"?>
<!DOCTYPE hibernate-configuration PUBLIC "-//Hibernate/Hibernate Configuration DTD 3.0//EN" "http://hibernate.sourceforge.net/hibernate-configuration-3.0.dtd">
<hibernate-configuration>
  <session-factory>
    <property name="hibernate.dialect">org.hibernate.dialect.MySQLDialect</property>
    <property name="hibernate.connection.driver_class">com.mysql.jdbc.Driver</property>
    <property name="hibernate.connection.url">jdbc:mysql://WFIASCCLDVDB01.paas.bmogc.net:3306/wfdb?serverTimezone=EST5EDT</property>
    <property name="hibernate.connection.username">mysqluser</property>
    <property name="hibernate.connection.password">mysqlpass</property>
    <mapping resource="com/vbrain/hibernate/sql/model/QuestionMixStrategy.hbm.xml"/>
    <mapping resource="com/vbrain/hibernate/sql/model/BusinessRuleTemplate.hbm.xml"/>
    <mapping resource="com/vbrain/hibernate/sql/model/ScheduledUploadRequirement.hbm.xml"/>
    <mapping resource="com/vbrain/hibernate/sql/model/MachineCampaignSource.hbm.xml"/>
    <mapping resource="com/vbrain/hibernate/sql/model/MturkEndpoint.hbm.xml"/>
    <mapping resource="com/vbrain/hibernate/sql/model/MachineConfigBundle.hbm.xml"/>
    <mapping resource="com/vbrain/hibernate/sql/model/MachineWorkSetting.hbm.xml"/>
    <mapping resource="com/vbrain/hibernate/sql/model/Image.hbm.xml"/>
    <mapping resource="com/vbrain/hibernate/sql/model/Template.hbm.xml"/>
    <mapping resource="com/vbrain/hibernate/sql/model/BonusStrategy.hbm.xml"/>
    <mapping resource="com/vbrain/hibernate/sql/model/BusinessRule.hbm.xml"/>
    <mapping resource="com/vbrain/hibernate/sql/model/FieldSchema.hbm.xml"/>
    <mapping resource="com/vbrain/hibernate/sql/model/WorkCategory.hbm.xml"/>
    <mapping resource="com/vbrain/hibernate/sql/model/Campaign.hbm.xml"/>
    <mapping resource="com/vbrain/hibernate/sql/model/Question.hbm.xml"/>
    <mapping resource="com/vbrain/hibernate/sql/model/WorkSetting.hbm.xml"/>
    <mapping resource="com/vbrain/hibernate/sql/model/License.hbm.xml"/>
    <mapping resource="com/vbrain/hibernate/sql/model/RunDescription.hbm.xml"/>
    <mapping resource="com/vbrain/hibernate/sql/model/AutomationSetup.hbm.xml"/>
    <mapping resource="com/vbrain/hibernate/sql/model/CampaignDataSource.hbm.xml"/>
    <mapping resource="com/vbrain/hibernate/sql/model/Schedule.hbm.xml"/>
    <mapping resource="com/vbrain/hibernate/sql/model/Run.hbm.xml"/>
    <mapping resource="com/vbrain/hibernate/sql/model/QualificationPreset.hbm.xml"/>
    <mapping resource="com/vbrain/hibernate/sql/model/MachineCampaignSchedule.hbm.xml"/>
    <mapping resource="com/vbrain/hibernate/sql/model/Account.hbm.xml"/>
    <mapping resource="com/vbrain/hibernate/sql/model/MachineConfig.hbm.xml"/>
    <mapping resource="com/vbrain/hibernate/sql/model/ProxySettings.hbm.xml"/>
    <mapping resource="com/vbrain/hibernate/sql/model/TaskDisplayPriority.hbm.xml"/>
    <mapping resource="com/vbrain/hibernate/sql/model/Workforce.hbm.xml"/>
    <mapping resource="com/vbrain/hibernate/sql/model/ApplicationUser.hbm.xml"/>
    <mapping resource="com/vbrain/hibernate/sql/model/CampaignMap.hbm.xml"/>
  </session-factory>
</hibernate-configuration>
