<?xml version="1.0" encoding="UTF-8"?>
<!DOCTYPE hibernate-reverse-engineering PUBLIC "-//Hibernate/Hibernate Reverse Engineering DTD 3.0//EN" "http://hibernate.sourceforge.net/hibernate-reverse-engineering-3.0.dtd">

<hibernate-reverse-engineering>
  <schema-selection match-catalog="vbrain"/>
  <table-filter match-name="servers"/>
  <table-filter match-name="email"/>
  <table-filter match-name="status"/>
  <table-filter match-name="hubs"/>
  <table-filter match-name="ocr_properties"/>
  <table-filter match-name="ocr_data"/>
  <table-filter match-name="capabilities"/>
  <table-filter match-name="nodes"/>
  <table-filter match-name="email_status"/>
</hibernate-reverse-engineering>
