<?xml version="1.0" encoding="UTF-8"?>
<!DOCTYPE hibernate-configuration PUBLIC "-//Hibernate/Hibernate Configuration DTD 3.0//EN" "http://hibernate.sourceforge.net/hibernate-configuration-3.0.dtd">
<hibernate-configuration>
  <session-factory>
    <property name="hibernate.dialect">org.hibernate.dialect.MySQLDialect</property>
    <property name="hibernate.connection.driver_class">com.mysql.jdbc.Driver</property>
    <property name="hibernate.connection.url">jdbc:mysql://localhost:3306/vbrain?zeroDateTimeBehavior=convertToNull</property>
    <property name="hibernate.connection.username">root</property>
    <property name="hibernate.connection.password">Workfusion1!</property>
    <mapping resource="com/vbrain/hibernate/model/Hubs.hbm.xml"/>
    <mapping resource="com/vbrain/hibernate/model/Capabilities.hbm.xml"/>
    <mapping resource="com/vbrain/hibernate/model/OcrProperties.hbm.xml"/>
    <mapping resource="com/vbrain/hibernate/model/Email.hbm.xml"/>
    <mapping resource="com/vbrain/hibernate/model/EmailStatus.hbm.xml"/>
    <mapping resource="com/vbrain/hibernate/model/Nodes.hbm.xml"/>
    <mapping resource="com/vbrain/hibernate/model/Servers.hbm.xml"/>
    <mapping resource="com/vbrain/hibernate/model/OcrData.hbm.xml"/>
    <mapping resource="com/vbrain/hibernate/model/Status.hbm.xml"/>
  </session-factory>
</hibernate-configuration>
