<?xml version="1.0" encoding="UTF-8"?>
<!DOCTYPE hibernate-reverse-engineering PUBLIC "-//Hibernate/Hibernate Reverse Engineering DTD 3.0//EN" "http://hibernate.sourceforge.net/hibernate-reverse-engineering-3.0.dtd">

<hibernate-reverse-engineering>
  <schema-selection match-catalog="wfdb"/>
  <table-filter match-name="MachineCampaignSource"/>
  <table-filter match-name="BusinessRule"/>
  <table-filter match-name="Workforce"/>
  <table-filter match-name="Schedule"/>
  <table-filter match-name="WorkCategory"/>
  <table-filter match-name="QuestionMixStrategy"/>
  <table-filter match-name="MACHINE_CONFIG"/>
  <table-filter match-name="License"/>
  <table-filter match-name="FieldSchema"/>
  <table-filter match-name="BONUS_STRATEGY"/>
  <table-filter match-name="MachineCampaignSchedule"/>
  <table-filter match-name="Image"/>
  <table-filter match-name="ProxySettings"/>
  <table-filter match-name="Template"/>
  <table-filter match-name="CampaignMap"/>
  <table-filter match-name="MachineConfigBundle"/>
  <table-filter match-name="Campaign"/>
  <table-filter match-name="QualificationPreset"/>
  <table-filter match-name="Account"/>
  <table-filter match-name="BusinessRuleTemplate"/>
  <table-filter match-name="Question"/>
  <table-filter match-name="ApplicationUser"/>
  <table-filter match-name="AutomationSetup"/>
  <table-filter match-name="CampaignDataSource"/>
  <table-filter match-name="MachineWorkSetting"/>
  <table-filter match-name="WorkSetting"/>
  <table-filter match-name="RunDescription"/>
  <table-filter match-name="ScheduledUploadRequirement"/>
  <table-filter match-name="MturkEndpoint"/>
  <table-filter match-name="Run"/>
  <table-filter match-name="TaskDisplayPriority"/>
</hibernate-reverse-engineering>
