<?xml version="1.0"?>
<!DOCTYPE hibernate-mapping PUBLIC "-//Hibernate/Hibernate Mapping DTD 3.0//EN"
"http://www.hibernate.org/dtd/hibernate-mapping-3.0.dtd">
<!-- Generated 7-Jun-2019 10:33:13 AM by Hibernate Tools 4.3.1 -->
<hibernate-mapping>
    <class name="com.vbrain.hibernate.sql.model.Account" table="Account" catalog="wfdb" optimistic-lock="version">
        <id name="id" type="java.lang.Long">
            <column name="id" />
            <generator class="identity" />
        </id>
        <many-to-one name="license" class="com.vbrain.hibernate.sql.model.License" fetch="select">
            <column name="defaultLicense_id" />
        </many-to-one>
        <property name="creationDate" type="date">
            <column name="creationDate" length="10" not-null="true" />
        </property>
        <property name="effectiveDate" type="date">
            <column name="effectiveDate" length="10" />
        </property>
        <property name="expirationDate" type="date">
            <column name="expirationDate" length="10" />
        </property>
        <property name="googleAnalyticsId" type="string">
            <column name="googleAnalyticsId" length="40" />
        </property>
        <property name="name" type="string">
            <column name="name" length="100" not-null="true" />
        </property>
        <property name="uuid" type="string">
            <column name="uuid" length="36" not-null="true" unique="true" />
        </property>
        <property name="crowdControlAccessKey" type="string">
            <column name="crowdControlAccessKey" />
        </property>
        <property name="crowdControlSecretKey" type="string">
            <column name="crowdControlSecretKey" />
        </property>
        <set name="applicationUsers" table="ApplicationUser" inverse="true" lazy="true" fetch="select">
            <key>
                <column name="account_id" />
            </key>
            <one-to-many class="com.vbrain.hibernate.sql.model.ApplicationUser" />
        </set>
    </class>
</hibernate-mapping>
