<?xml version="1.0"?>
<!DOCTYPE hibernate-mapping PUBLIC "-//Hibernate/Hibernate Mapping DTD 3.0//EN"
"http://www.hibernate.org/dtd/hibernate-mapping-3.0.dtd">
<!-- Generated 7-Jun-2019 10:33:13 AM by Hibernate Tools 4.3.1 -->
<hibernate-mapping>
    <class name="com.vbrain.hibernate.sql.model.ApplicationUser" table="ApplicationUser" catalog="wfdb" optimistic-lock="version">
        <id name="id" type="java.lang.Long">
            <column name="id" />
            <generator class="identity" />
        </id>
        <many-to-one name="account" class="com.vbrain.hibernate.sql.model.Account" fetch="select">
            <column name="account_id" />
        </many-to-one>
        <property name="creationDate" type="timestamp">
            <column name="creationDate" length="19" not-null="true" />
        </property>
        <property name="email" type="string">
            <column name="email" length="100" not-null="true" />
        </property>
        <property name="name" type="string">
            <column name="name" length="128" />
        </property>
        <property name="password" type="string">
            <column name="password" length="60" not-null="true" />
        </property>
        <property name="username" type="string">
            <column name="username" length="128" not-null="true" unique="true" />
        </property>
        <property name="firstName" type="string">
            <column name="firstName" length="100" />
        </property>
        <property name="lastName" type="string">
            <column name="lastName" length="100" />
        </property>
        <property name="status" type="string">
            <column name="status" length="30" not-null="true" />
        </property>
        <property name="loginFailureCounter" type="java.lang.Integer">
            <column name="loginFailureCounter" />
        </property>
        <property name="loginFirstFailureTime" type="timestamp">
            <column name="loginFirstFailureTime" length="19" />
        </property>
        <property name="loginLastFailureTime" type="timestamp">
            <column name="loginLastFailureTime" length="19" />
        </property>
        <property name="lockoutType" type="string">
            <column name="lockoutType" length="30" />
        </property>
        <set name="scheduledUploadRequirements" table="ScheduledUploadRequirement" inverse="true" lazy="true" fetch="select">
            <key>
                <column name="userId" />
            </key>
            <one-to-many class="com.vbrain.hibernate.sql.model.ScheduledUploadRequirement" />
        </set>
        <set name="workforces" table="Workforce" inverse="true" lazy="true" fetch="select">
            <key>
                <column name="createdBy" not-null="true" />
            </key>
            <one-to-many class="com.vbrain.hibernate.sql.model.Workforce" />
        </set>
        <set name="runs" table="Run" inverse="true" lazy="true" fetch="select">
            <key>
                <column name="createdBy" />
            </key>
            <one-to-many class="com.vbrain.hibernate.sql.model.Run" />
        </set>
    </class>
</hibernate-mapping>
