<?xml version="1.0"?>
<!DOCTYPE hibernate-mapping PUBLIC "-//Hibernate/Hibernate Mapping DTD 3.0//EN"
"http://www.hibernate.org/dtd/hibernate-mapping-3.0.dtd">
<!-- Generated 7-Jun-2019 10:33:13 AM by Hibernate Tools 4.3.1 -->
<hibernate-mapping>
    <class name="com.vbrain.hibernate.sql.model.AutomationSetup" table="AutomationSetup" catalog="wfdb" optimistic-lock="version">
        <id name="id" type="java.lang.Long">
            <column name="id" />
            <generator class="identity" />
        </id>
        <property name="uuid" type="string">
            <column name="uuid" length="50" not-null="true" unique="true" />
        </property>
        <property name="configuration" type="string">
            <column name="configuration" length="16777215" />
        </property>
        <property name="retrainCount" type="java.lang.Long">
            <column name="retrainCount" />
        </property>
        <property name="dataStoreName" type="string">
            <column name="dataStoreName" length="100" />
        </property>
        <property name="useCaseConfiguration" type="string">
            <column name="useCaseConfiguration" length="16777215" />
        </property>
        <property name="includeOriginalData" type="boolean">
            <column name="includeOriginalData" not-null="true" />
        </property>
        <set name="runDescriptions" table="RunDescription" inverse="true" lazy="true" fetch="select">
            <key>
                <column name="automationSetupId" />
            </key>
            <one-to-many class="com.vbrain.hibernate.sql.model.RunDescription" />
        </set>
    </class>
</hibernate-mapping>
