<?xml version="1.0"?>
<!DOCTYPE hibernate-mapping PUBLIC "-//Hibernate/Hibernate Mapping DTD 3.0//EN"
"http://www.hibernate.org/dtd/hibernate-mapping-3.0.dtd">
<!-- Generated 7-Jun-2019 10:33:13 AM by Hibernate Tools 4.3.1 -->
<hibernate-mapping>
    <class name="com.vbrain.hibernate.sql.model.BonusStrategy" table="BONUS_STRATEGY" catalog="wfdb" optimistic-lock="version">
        <id name="bonusStrategyId" type="java.lang.Long">
            <column name="BONUS_STRATEGY_ID" />
            <generator class="identity" />
        </id>
        <many-to-one name="businessRule" class="com.vbrain.hibernate.sql.model.BusinessRule" fetch="select">
            <column name="RULE" />
        </many-to-one>
        <many-to-one name="template" class="com.vbrain.hibernate.sql.model.Template" fetch="select">
            <column name="TEMPLATE" />
        </many-to-one>
        <property name="name" type="string">
            <column name="NAME" />
        </property>
        <property name="title" type="string">
            <column name="TITLE" />
        </property>
        <set name="runs" table="Run" inverse="true" lazy="true" fetch="select">
            <key>
                <column name="BONUS_STRATEGY_ID" />
            </key>
            <one-to-many class="com.vbrain.hibernate.sql.model.Run" />
        </set>
    </class>
</hibernate-mapping>
