<?xml version="1.0"?>
<!DOCTYPE hibernate-mapping PUBLIC "-//Hibernate/Hibernate Mapping DTD 3.0//EN"
"http://www.hibernate.org/dtd/hibernate-mapping-3.0.dtd">
<!-- Generated 7-Jun-2019 10:33:13 AM by Hibernate Tools 4.3.1 -->
<hibernate-mapping>
    <class name="com.vbrain.hibernate.sql.model.BusinessRule" table="BusinessRule" catalog="wfdb" optimistic-lock="version">
        <id name="id" type="java.lang.Long">
            <column name="id" />
            <generator class="identity" />
        </id>
        <many-to-one name="businessRuleTemplate" class="com.vbrain.hibernate.sql.model.BusinessRuleTemplate" fetch="select">
            <column name="template_id" />
        </many-to-one>
        <property name="uuid" type="string">
            <column name="uuid" length="36" not-null="true" unique="true" />
        </property>
        <property name="content" type="string">
            <column name="content" />
        </property>
        <property name="name" type="string">
            <column name="name" length="200" not-null="true" />
        </property>
        <property name="ruleType" type="string">
            <column name="ruleType" not-null="true" />
        </property>
        <property name="createdDate" type="timestamp">
            <column name="createdDate" length="19" />
        </property>
        <property name="modificationDate" type="timestamp">
            <column name="modificationDate" length="19" />
        </property>
        <property name="ruleTypeUi" type="string">
            <column name="ruleTypeUI" />
        </property>
        <property name="paramValues" type="string">
            <column name="paramValues" length="65535" />
        </property>
        <property name="creationType" type="string">
            <column name="creationType" />
        </property>
        <property name="workflowRuleMode" type="string">
            <column name="workflowRuleMode" />
        </property>
        <property name="uuidBackup" type="string">
            <column name="uuid_backup" length="100" />
        </property>
        <set name="bonusStrategies" table="BONUS_STRATEGY" inverse="true" lazy="true" fetch="select">
            <key>
                <column name="RULE" />
            </key>
            <one-to-many class="com.vbrain.hibernate.sql.model.BonusStrategy" />
        </set>
        <set name="campaignMaps" table="CampaignMap" inverse="true" lazy="true" fetch="select">
            <key>
                <column name="RULE" />
            </key>
            <one-to-many class="com.vbrain.hibernate.sql.model.CampaignMap" />
        </set>
        <set name="workforces" table="Workforce" inverse="true" lazy="true" fetch="select">
            <key>
                <column name="distributionRule_id" not-null="true" />
            </key>
            <one-to-many class="com.vbrain.hibernate.sql.model.Workforce" />
        </set>
    </class>
</hibernate-mapping>
