<?xml version="1.0"?>
<!DOCTYPE hibernate-mapping PUBLIC "-//Hibernate/Hibernate Mapping DTD 3.0//EN"
"http://www.hibernate.org/dtd/hibernate-mapping-3.0.dtd">
<!-- Generated 7-Jun-2019 10:33:13 AM by Hibernate Tools 4.3.1 -->
<hibernate-mapping>
    <class name="com.vbrain.hibernate.sql.model.BusinessRuleTemplate" table="BusinessRuleTemplate" catalog="wfdb" optimistic-lock="version">
        <id name="id" type="java.lang.Long">
            <column name="id" />
            <generator class="identity" />
        </id>
        <property name="name" type="string">
            <column name="name" length="100" not-null="true" />
        </property>
        <property name="content" type="string">
            <column name="content" />
        </property>
        <property name="description" type="string">
            <column name="description" length="1000" not-null="true" />
        </property>
        <set name="businessRules" table="BusinessRule" inverse="true" lazy="true" fetch="select">
            <key>
                <column name="template_id" />
            </key>
            <one-to-many class="com.vbrain.hibernate.sql.model.BusinessRule" />
        </set>
    </class>
</hibernate-mapping>
