<?xml version="1.0"?>
<!DOCTYPE hibernate-mapping PUBLIC "-//Hibernate/Hibernate Mapping DTD 3.0//EN"
"http://www.hibernate.org/dtd/hibernate-mapping-3.0.dtd">
<!-- Generated 7-Jun-2019 10:33:13 AM by Hibernate Tools 4.3.1 -->
<hibernate-mapping>
    <class name="com.vbrain.hibernate.sql.model.CampaignMap" table="CampaignMap" catalog="wfdb" optimistic-lock="version">
        <id name="id" type="java.lang.Long">
            <column name="id" />
            <generator class="identity" />
        </id>
        <many-to-one name="businessRule" class="com.vbrain.hibernate.sql.model.BusinessRule" fetch="select">
            <column name="RULE" />
        </many-to-one>
        <many-to-one name="campaignByParent" class="com.vbrain.hibernate.sql.model.Campaign" fetch="select">
            <column name="parent" not-null="true" />
        </many-to-one>
        <many-to-one name="campaignByCampaign" class="com.vbrain.hibernate.sql.model.Campaign" fetch="select">
            <column name="campaign" not-null="true" />
        </many-to-one>
        <property name="uuid" type="string">
            <column name="uuid" length="36" not-null="true" unique="true" />
        </property>
        <property name="blockSize" type="java.lang.Integer">
            <column name="blockSize" />
        </property>
        <property name="stepIndex" type="int">
            <column name="stepIndex" not-null="true" />
        </property>
        <property name="tags" type="string">
            <column name="tags" length="200" />
        </property>
        <property name="deleted" type="boolean">
            <column name="deleted" not-null="true" />
        </property>
        <property name="stepPosition" type="string">
            <column name="stepPosition" length="45" />
        </property>
        <property name="automatedCampaignUuid" type="string">
            <column name="automatedCampaignUuid" length="36" />
        </property>
        <property name="automationUseCaseId" type="java.lang.Long">
            <column name="automationUseCaseId" />
        </property>
        <set name="runs" table="Run" inverse="true" lazy="true" fetch="select">
            <key>
                <column name="campaignMap_id" />
            </key>
            <one-to-many class="com.vbrain.hibernate.sql.model.Run" />
        </set>
    </class>
</hibernate-mapping>
