<?xml version="1.0"?>
<!DOCTYPE hibernate-mapping PUBLIC "-//Hibernate/Hibernate Mapping DTD 3.0//EN"
"http://www.hibernate.org/dtd/hibernate-mapping-3.0.dtd">
<!-- Generated 7-Jun-2019 10:33:13 AM by Hibernate Tools 4.3.1 -->
<hibernate-mapping>
    <class name="com.vbrain.hibernate.sql.model.Campaign" table="Campaign" catalog="wfdb" optimistic-lock="version">
        <id name="id" type="java.lang.Long">
            <column name="id" />
            <generator class="identity" />
        </id>
        <many-to-one name="campaign" class="com.vbrain.hibernate.sql.model.Campaign" fetch="select">
            <column name="moderationCampaign_id" />
        </many-to-one>
        <many-to-one name="fieldSchema" class="com.vbrain.hibernate.sql.model.FieldSchema" fetch="select">
            <column name="customAttributesSchemaId" />
        </many-to-one>
        <many-to-one name="machineConfig" class="com.vbrain.hibernate.sql.model.MachineConfig" fetch="select">
            <column name="machineConfigId" />
        </many-to-one>
        <many-to-one name="question" class="com.vbrain.hibernate.sql.model.Question" fetch="select">
            <column name="question_id" />
        </many-to-one>
        <property name="active" type="java.lang.Boolean">
            <column name="active" />
        </property>
        <property name="creatioDate" type="timestamp">
            <column name="creatioDate" length="19" not-null="true" />
        </property>
        <property name="description" type="string">
            <column name="description" length="2000" />
        </property>
        <property name="title" type="string">
            <column name="title" length="128" />
        </property>
        <property name="type" type="string">
            <column name="type" not-null="true" />
        </property>
        <property name="uuid" type="string">
            <column name="uuid" length="36" not-null="true" unique="true" />
        </property>
        <property name="status" type="string">
            <column name="status" not-null="true" />
        </property>
        <property name="executingType" type="string">
            <column name="executingType" not-null="true" />
        </property>
        <property name="goldMapping" type="string">
            <column name="goldMapping" length="65535" />
        </property>
        <property name="streamComplexRunThreshold" type="java.lang.Integer">
            <column name="streamComplexRunThreshold" />
        </property>
        <property name="streamTimeInterval" type="string">
            <column name="streamTimeInterval" />
        </property>
        <property name="streamTimeIntervalValue" type="java.lang.Long">
            <column name="streamTimeIntervalValue" />
        </property>
        <property name="goldBucketBlockSize" type="java.lang.Integer">
            <column name="goldBucketBlockSize" />
        </property>
        <property name="goldRatio" type="java.lang.Integer">
            <column name="goldRatio" />
        </property>
        <property name="goldType" type="string">
            <column name="goldType" />
        </property>
        <property name="repeatedGoldBucket" type="java.lang.Boolean">
            <column name="repeatedGoldBucket" />
        </property>
        <property name="goldSource" type="string">
            <column name="goldSource" not-null="true" />
        </property>
        <property name="streamValueType" type="string">
            <column name="streamValueType" />
        </property>
        <property name="origination" type="string">
            <column name="origination" length="50" not-null="true" />
        </property>
        <property name="compositeCampaignVersion" type="string">
            <column name="compositeCampaignVersion" />
        </property>
        <property name="validWorkflow" type="boolean">
            <column name="validWorkflow" not-null="true" />
        </property>
        <property name="compositeWorkSettingId" type="java.lang.Long">
            <column name="compositeWorkSetting_id" />
        </property>
        <property name="workSettingBase" type="boolean">
            <column name="workSettingBase" not-null="true" />
        </property>
        <property name="moderation" type="boolean">
            <column name="moderation" not-null="true" />
        </property>
        <property name="campaignStructureId" type="long">
            <column name="campaignStructureId" not-null="true" />
        </property>
        <property name="lastModified" type="timestamp">
            <column name="lastModified" length="19" not-null="true" />
        </property>
        <property name="componentUuid" type="string">
            <column name="componentUuid" length="36" />
        </property>
        <property name="stepDescription" type="string">
            <column name="stepDescription" length="16777215" />
        </property>
        <property name="lastInChain" type="boolean">
            <column name="lastInChain" not-null="true" />
        </property>
        <property name="versionUuid" type="string">
            <column name="versionUuid" length="36" not-null="true" unique="true" />
        </property>
        <property name="incrementalVersion" type="string">
            <column name="incrementalVersion" length="10" not-null="true" />
        </property>
        <property name="requiresData" type="boolean">
            <column name="requiresData" not-null="true" />
        </property>
        <set name="campaignMapsForParent" table="CampaignMap" inverse="true" lazy="true" fetch="select">
            <key>
                <column name="parent" not-null="true" />
            </key>
            <one-to-many class="com.vbrain.hibernate.sql.model.CampaignMap" />
        </set>
        <set name="campaigns" table="Campaign" inverse="true" lazy="true" fetch="select">
            <key>
                <column name="moderationCampaign_id" />
            </key>
            <one-to-many class="com.vbrain.hibernate.sql.model.Campaign" />
        </set>
        <set name="scheduledUploadRequirements" table="ScheduledUploadRequirement" inverse="true" lazy="true" fetch="select">
            <key>
                <column name="CAMPAIGN" />
            </key>
            <one-to-many class="com.vbrain.hibernate.sql.model.ScheduledUploadRequirement" />
        </set>
        <set name="campaignMapsForCampaign" table="CampaignMap" inverse="true" lazy="true" fetch="select">
            <key>
                <column name="campaign" not-null="true" />
            </key>
            <one-to-many class="com.vbrain.hibernate.sql.model.CampaignMap" />
        </set>
        <set name="runs" table="Run" inverse="true" lazy="true" fetch="select">
            <key>
                <column name="campaign_id" not-null="true" />
            </key>
            <one-to-many class="com.vbrain.hibernate.sql.model.Run" />
        </set>
    </class>
</hibernate-mapping>
