<?xml version="1.0"?>
<!DOCTYPE hibernate-mapping PUBLIC "-//Hibernate/Hibernate Mapping DTD 3.0//EN"
"http://www.hibernate.org/dtd/hibernate-mapping-3.0.dtd">
<!-- Generated 7-Jun-2019 10:33:13 AM by Hibernate Tools 4.3.1 -->
<hibernate-mapping>
    <class name="com.vbrain.hibernate.sql.model.CampaignDataSource" table="CampaignDataSource" catalog="wfdb" optimistic-lock="version">
        <id name="id" type="java.lang.Long">
            <column name="id" />
            <generator class="identity" />
        </id>
        <property name="description" type="string">
            <column name="description" length="2048" />
        </property>
        <property name="name" type="string">
            <column name="name" length="50" not-null="true" />
        </property>
        <property name="type" type="string">
            <column name="type" not-null="true" />
        </property>
        <property name="uuid" type="string">
            <column name="uuid" length="36" not-null="true" unique="true" />
        </property>
        <property name="deleted" type="java.lang.Boolean">
            <column name="deleted" />
        </property>
        <set name="scheduledUploadRequirements" table="ScheduledUploadRequirement" inverse="true" lazy="true" fetch="select">
            <key>
                <column name="DATA_SOURCE" />
            </key>
            <one-to-many class="com.vbrain.hibernate.sql.model.ScheduledUploadRequirement" />
        </set>
    </class>
</hibernate-mapping>
