<?xml version="1.0"?>
<!DOCTYPE hibernate-mapping PUBLIC "-//Hibernate/Hibernate Mapping DTD 3.0//EN"
"http://www.hibernate.org/dtd/hibernate-mapping-3.0.dtd">
<!-- Generated 7-Jun-2019 10:33:13 AM by Hibernate Tools 4.3.1 -->
<hibernate-mapping>
    <class name="com.vbrain.hibernate.sql.model.FieldSchema" table="FieldSchema" catalog="wfdb" optimistic-lock="version">
        <id name="id" type="java.lang.Long">
            <column name="id" />
            <generator class="identity" />
        </id>
        <property name="uuid" type="string">
            <column name="uuid" length="36" not-null="true" unique="true" />
        </property>
        <property name="name" type="string">
            <column name="name" not-null="true" />
        </property>
        <property name="description" type="string">
            <column name="description" length="1000" />
        </property>
        <property name="status" type="string">
            <column name="status" not-null="true" />
        </property>
        <property name="origination" type="string">
            <column name="origination" length="50" not-null="true" />
        </property>
        <set name="machineWorkSettings" table="MachineWorkSetting" inverse="true" lazy="true" fetch="select">
            <key>
                <column name="fieldSchemaId" />
            </key>
            <one-to-many class="com.vbrain.hibernate.sql.model.MachineWorkSetting" />
        </set>
        <set name="runDescriptions" table="RunDescription" inverse="true" lazy="true" fetch="select">
            <key>
                <column name="workSpacePreviewScheme_id" />
            </key>
            <one-to-many class="com.vbrain.hibernate.sql.model.RunDescription" />
        </set>
        <set name="questions" table="Question" inverse="true" lazy="true" fetch="select">
            <key>
                <column name="workSpacePreviewScheme_id" />
            </key>
            <one-to-many class="com.vbrain.hibernate.sql.model.Question" />
        </set>
        <set name="workSettings" table="WorkSetting" inverse="true" lazy="true" fetch="select">
            <key>
                <column name="fieldSchemaId" />
            </key>
            <one-to-many class="com.vbrain.hibernate.sql.model.WorkSetting" />
        </set>
        <set name="campaigns" table="Campaign" inverse="true" lazy="true" fetch="select">
            <key>
                <column name="customAttributesSchemaId" />
            </key>
            <one-to-many class="com.vbrain.hibernate.sql.model.Campaign" />
        </set>
        <set name="runs" table="Run" inverse="true" lazy="true" fetch="select">
            <key>
                <column name="fieldSchemaId" />
            </key>
            <one-to-many class="com.vbrain.hibernate.sql.model.Run" />
        </set>
    </class>
</hibernate-mapping>
