<?xml version="1.0"?>
<!DOCTYPE hibernate-mapping PUBLIC "-//Hibernate/Hibernate Mapping DTD 3.0//EN"
"http://www.hibernate.org/dtd/hibernate-mapping-3.0.dtd">
<!-- Generated 7-Jun-2019 10:33:13 AM by Hibernate Tools 4.3.1 -->
<hibernate-mapping>
    <class name="com.vbrain.hibernate.sql.model.Image" table="Image" catalog="wfdb" optimistic-lock="version">
        <id name="id" type="java.lang.Long">
            <column name="id" />
            <generator class="identity" />
        </id>
        <property name="bytes" type="binary">
            <column name="bytes" />
        </property>
        <property name="name" type="string">
            <column name="name" />
        </property>
        <set name="machineWorkSettings" table="MachineWorkSetting" inverse="true" lazy="true" fetch="select">
            <key>
                <column name="previewImageId" />
            </key>
            <one-to-many class="com.vbrain.hibernate.sql.model.MachineWorkSetting" />
        </set>
        <set name="workCategories" table="WorkCategory" inverse="true" lazy="true" fetch="select">
            <key>
                <column name="iconId" />
            </key>
            <one-to-many class="com.vbrain.hibernate.sql.model.WorkCategory" />
        </set>
        <set name="workSettings" table="WorkSetting" inverse="true" lazy="true" fetch="select">
            <key>
                <column name="previewImageId" />
            </key>
            <one-to-many class="com.vbrain.hibernate.sql.model.WorkSetting" />
        </set>
    </class>
</hibernate-mapping>
