<?xml version="1.0"?>
<!DOCTYPE hibernate-mapping PUBLIC "-//Hibernate/Hibernate Mapping DTD 3.0//EN"
"http://www.hibernate.org/dtd/hibernate-mapping-3.0.dtd">
<!-- Generated 7-Jun-2019 10:33:13 AM by Hibernate Tools 4.3.1 -->
<hibernate-mapping>
    <class name="com.vbrain.hibernate.sql.model.License" table="License" catalog="wfdb" optimistic-lock="version">
        <id name="id" type="java.lang.Long">
            <column name="id" />
            <generator class="identity" />
        </id>
        <many-to-one name="mturkEndpoint" class="com.vbrain.hibernate.sql.model.MturkEndpoint" fetch="select">
            <column name="endpoint_id" />
        </many-to-one>
        <property name="activeInd" type="boolean">
            <column name="activeInd" not-null="true" />
        </property>
        <property name="uuid" type="string">
            <column name="uuid" length="36" not-null="true" />
        </property>
        <property name="name" type="string">
            <column name="name" not-null="true" />
        </property>
        <property name="balance" type="string">
            <column name="balance" length="32" not-null="true" />
        </property>
        <property name="valid" type="java.lang.Boolean">
            <column name="valid" />
        </property>
        <property name="balanceValue" type="double">
            <column name="BALANCE_VALUE" precision="22" scale="0" not-null="true" />
        </property>
        <set name="accounts" table="Account" inverse="true" lazy="true" fetch="select">
            <key>
                <column name="defaultLicense_id" />
            </key>
            <one-to-many class="com.vbrain.hibernate.sql.model.Account" />
        </set>
    </class>
</hibernate-mapping>
