<?xml version="1.0"?>
<!DOCTYPE hibernate-mapping PUBLIC "-//Hibernate/Hibernate Mapping DTD 3.0//EN"
"http://www.hibernate.org/dtd/hibernate-mapping-3.0.dtd">
<!-- Generated 7-Jun-2019 10:33:13 AM by Hibernate Tools 4.3.1 -->
<hibernate-mapping>
    <class name="com.vbrain.hibernate.sql.model.MachineCampaignSource" table="MachineCampaignSource" catalog="wfdb" optimistic-lock="version">
        <id name="id" type="java.lang.Long">
            <column name="id" />
            <generator class="identity" />
        </id>
        <many-to-one name="proxySettings" class="com.vbrain.hibernate.sql.model.ProxySettings" fetch="select">
            <column name="proxySettingsId" />
        </many-to-one>
        <property name="availability" type="string">
            <column name="availability" length="500" />
        </property>
        <property name="description" type="string">
            <column name="description" length="1000" />
        </property>
        <property name="name" type="string">
            <column name="name" length="200" not-null="true" />
        </property>
        <property name="prioritizeEarlierRuns" type="java.lang.Boolean">
            <column name="prioritizeEarlierRuns" />
        </property>
        <property name="timeZone" type="string">
            <column name="timeZone" />
        </property>
        <property name="tps" type="java.lang.Integer">
            <column name="tps" />
        </property>
        <property name="url" type="string">
            <column name="url" length="200" />
        </property>
        <property name="threadCount" type="int">
            <column name="threadCount" not-null="true" />
        </property>
        <property name="batchSize" type="int">
            <column name="batchSize" not-null="true" />
        </property>
        <property name="deleted" type="boolean">
            <column name="deleted" not-null="true" />
        </property>
        <property name="remoteExecutorUrl" type="string">
            <column name="remoteExecutorUrl" />
        </property>
        <property name="equallyDistributeLoad" type="boolean">
            <column name="equallyDistributeLoad" not-null="true" />
        </property>
        <property name="lastModified" type="timestamp">
            <column name="lastModified" length="19" not-null="true" />
        </property>
        <property name="componentUuid" type="string">
            <column name="componentUuid" length="36" />
        </property>
        <property name="lastInChain" type="boolean">
            <column name="lastInChain" not-null="true" />
        </property>
        <property name="versionUuid" type="string">
            <column name="versionUuid" length="36" not-null="true" unique="true" />
        </property>
        <property name="incrementalVersion" type="string">
            <column name="incrementalVersion" length="10" not-null="true" />
        </property>
        <property name="threadsPerNode" type="boolean">
            <column name="threadsPerNode" not-null="true" />
        </property>
        <set name="machineConfigs" table="MACHINE_CONFIG" inverse="true" lazy="true" fetch="select">
            <key>
                <column name="source_id" />
            </key>
            <one-to-many class="com.vbrain.hibernate.sql.model.MachineConfig" />
        </set>
    </class>
</hibernate-mapping>
