<?xml version="1.0"?>
<!DOCTYPE hibernate-mapping PUBLIC "-//Hibernate/Hibernate Mapping DTD 3.0//EN"
"http://www.hibernate.org/dtd/hibernate-mapping-3.0.dtd">
<!-- Generated 7-Jun-2019 10:33:13 AM by Hibernate Tools 4.3.1 -->
<hibernate-mapping>
    <class name="com.vbrain.hibernate.sql.model.MachineCampaignSchedule" table="MachineCampaignSchedule" catalog="wfdb" optimistic-lock="version">
        <id name="id" type="java.lang.Long">
            <column name="id" />
            <generator class="identity" />
        </id>
        <many-to-one name="schedule" class="com.vbrain.hibernate.sql.model.Schedule" fetch="select">
            <column name="scheduleId" not-null="true" />
        </many-to-one>
        <property name="campaignId" type="long">
            <column name="campaignId" not-null="true" />
        </property>
        <property name="dataStoreId" type="java.lang.Long">
            <column name="dataStoreId" />
        </property>
        <property name="encoding" type="string">
            <column name="encoding" />
        </property>
        <property name="filename" type="string">
            <column name="filename" />
        </property>
        <property name="lastRunTime" type="timestamp">
            <column name="lastRunTime" length="19" />
        </property>
        <property name="separatorSymbol" type="string">
            <column name="separatorSymbol" />
        </property>
        <property name="batchSize" type="java.lang.Integer">
            <column name="batchSize" />
        </property>
        <property name="threadCount" type="java.lang.Integer">
            <column name="threadCount" />
        </property>
        <property name="deleted" type="java.lang.Boolean">
            <column name="deleted" />
        </property>
        <set name="scheduledUploadRequirements" table="ScheduledUploadRequirement" inverse="true" lazy="true" fetch="select">
            <key>
                <column name="machineCampaignSchedule" />
            </key>
            <one-to-many class="com.vbrain.hibernate.sql.model.ScheduledUploadRequirement" />
        </set>
    </class>
</hibernate-mapping>
