<?xml version="1.0"?>
<!DOCTYPE hibernate-mapping PUBLIC "-//Hibernate/Hibernate Mapping DTD 3.0//EN"
"http://www.hibernate.org/dtd/hibernate-mapping-3.0.dtd">
<!-- Generated 7-Jun-2019 10:33:13 AM by Hibernate Tools 4.3.1 -->
<hibernate-mapping>
    <class name="com.vbrain.hibernate.sql.model.MachineConfigBundle" table="MachineConfigBundle" catalog="wfdb" optimistic-lock="version">
        <id name="id" type="java.lang.Long">
            <column name="id" />
            <generator class="identity" />
        </id>
        <property name="gav" type="string">
            <column name="gav" not-null="true" />
        </property>
        <property name="creationDate" type="timestamp">
            <column name="creationDate" length="19" not-null="true" />
        </property>
        <set name="machineConfigs" table="MACHINE_CONFIG" inverse="true" lazy="true" fetch="select">
            <key>
                <column name="bundleId" />
            </key>
            <one-to-many class="com.vbrain.hibernate.sql.model.MachineConfig" />
        </set>
    </class>
</hibernate-mapping>
