<?xml version="1.0"?>
<!DOCTYPE hibernate-mapping PUBLIC "-//Hibernate/Hibernate Mapping DTD 3.0//EN"
"http://www.hibernate.org/dtd/hibernate-mapping-3.0.dtd">
<!-- Generated 7-Jun-2019 10:33:13 AM by Hibernate Tools 4.3.1 -->
<hibernate-mapping>
    <class name="com.vbrain.hibernate.sql.model.MachineConfig" table="MACHINE_CONFIG" catalog="wfdb" optimistic-lock="version">
        <id name="id" type="java.lang.Long">
            <column name="id" />
            <generator class="identity" />
        </id>
        <many-to-one name="machineCampaignSource" class="com.vbrain.hibernate.sql.model.MachineCampaignSource" fetch="select">
            <column name="source_id" />
        </many-to-one>
        <many-to-one name="machineConfigBundle" class="com.vbrain.hibernate.sql.model.MachineConfigBundle" fetch="select">
            <column name="bundleId" />
        </many-to-one>
        <many-to-one name="machineWorkSetting" class="com.vbrain.hibernate.sql.model.MachineWorkSetting" fetch="select">
            <column name="machineWorkSetting_id" not-null="true" />
        </many-to-one>
        <many-to-one name="template" class="com.vbrain.hibernate.sql.model.Template" fetch="select">
            <column name="template_id" not-null="true" />
        </many-to-one>
        <property name="accountUuid" type="string">
            <column name="accountUUID" length="36" not-null="true" />
        </property>
        <property name="content" type="string">
            <column name="content" not-null="true" />
        </property>
        <property name="creationDate" type="timestamp">
            <column name="creationDate" length="19" not-null="true" />
        </property>
        <property name="description" type="string">
            <column name="description" length="2000" />
        </property>
        <property name="lastModified" type="timestamp">
            <column name="lastModified" length="19" not-null="true" />
        </property>
        <property name="name" type="string">
            <column name="name" not-null="true" />
        </property>
        <property name="uuid" type="string">
            <column name="uuid" length="36" not-null="true" unique="true" />
        </property>
        <property name="jsonParams" type="string">
            <column name="jsonParams" length="65535" />
        </property>
        <property name="sourceName" type="string">
            <column name="sourceName" length="200" />
        </property>
        <property name="deleted" type="boolean">
            <column name="deleted" not-null="true" />
        </property>
        <property name="machineWorkSettingType" type="string">
            <column name="machineWorkSetting_type" />
        </property>
        <property name="inclusionCode" type="string">
            <column name="inclusionCode" unique="true" />
        </property>
        <property name="componentUuid" type="string">
            <column name="componentUuid" length="36" />
        </property>
        <property name="lastInChain" type="boolean">
            <column name="lastInChain" not-null="true" />
        </property>
        <property name="versionUuid" type="string">
            <column name="versionUuid" length="36" not-null="true" unique="true" />
        </property>
        <property name="incrementalVersion" type="string">
            <column name="incrementalVersion" length="10" not-null="true" />
        </property>
        <property name="sourceType" type="string">
            <column name="sourceType" not-null="true" />
        </property>
        <property name="gavc" type="string">
            <column name="gavc" />
        </property>
        <set name="campaigns" table="Campaign" inverse="true" lazy="true" fetch="select">
            <key>
                <column name="machineConfigId" />
            </key>
            <one-to-many class="com.vbrain.hibernate.sql.model.Campaign" />
        </set>
    </class>
</hibernate-mapping>
