<?xml version="1.0"?>
<!DOCTYPE hibernate-mapping PUBLIC "-//Hibernate/Hibernate Mapping DTD 3.0//EN"
"http://www.hibernate.org/dtd/hibernate-mapping-3.0.dtd">
<!-- Generated 7-Jun-2019 10:33:13 AM by Hibernate Tools 4.3.1 -->
<hibernate-mapping>
    <class name="com.vbrain.hibernate.sql.model.MachineWorkSetting" table="MachineWorkSetting" catalog="wfdb" optimistic-lock="version">
        <id name="id" type="java.lang.Long">
            <column name="id" />
            <generator class="identity" />
        </id>
        <many-to-one name="fieldSchema" class="com.vbrain.hibernate.sql.model.FieldSchema" fetch="select">
            <column name="fieldSchemaId" />
        </many-to-one>
        <many-to-one name="image" class="com.vbrain.hibernate.sql.model.Image" fetch="select">
            <column name="previewImageId" />
        </many-to-one>
        <many-to-one name="template" class="com.vbrain.hibernate.sql.model.Template" fetch="select">
            <column name="template_id" not-null="true" />
        </many-to-one>
        <many-to-one name="workCategory" class="com.vbrain.hibernate.sql.model.WorkCategory" fetch="select">
            <column name="category_id" not-null="true" />
        </many-to-one>
        <property name="description" type="string">
            <column name="description" length="1000" />
        </property>
        <property name="lastModified" type="timestamp">
            <column name="lastModified" length="19" not-null="true" />
        </property>
        <property name="machineWorkSettingType" type="string">
            <column name="machineWorkSetting_type" not-null="true" />
        </property>
        <property name="name" type="string">
            <column name="name" length="100" not-null="true" />
        </property>
        <property name="publicId" type="string">
            <column name="publicId" length="64" not-null="true" unique="true" />
        </property>
        <property name="enabled" type="boolean">
            <column name="enabled" not-null="true" />
        </property>
        <property name="deleted" type="java.lang.Boolean">
            <column name="deleted" />
        </property>
        <property name="contentType" type="string">
            <column name="contentType" length="30" not-null="true" />
        </property>
        <property name="componentUuid" type="string">
            <column name="componentUuid" length="36" />
        </property>
        <property name="lastInChain" type="boolean">
            <column name="lastInChain" not-null="true" />
        </property>
        <property name="versionUuid" type="string">
            <column name="versionUuid" length="36" not-null="true" unique="true" />
        </property>
        <property name="incrementalVersion" type="string">
            <column name="incrementalVersion" length="10" not-null="true" />
        </property>
        <set name="machineConfigs" table="MACHINE_CONFIG" inverse="true" lazy="true" fetch="select">
            <key>
                <column name="machineWorkSetting_id" not-null="true" />
            </key>
            <one-to-many class="com.vbrain.hibernate.sql.model.MachineConfig" />
        </set>
    </class>
</hibernate-mapping>
