<?xml version="1.0"?>
<!DOCTYPE hibernate-mapping PUBLIC "-//Hibernate/Hibernate Mapping DTD 3.0//EN"
"http://www.hibernate.org/dtd/hibernate-mapping-3.0.dtd">
<!-- Generated 7-Jun-2019 10:33:13 AM by Hibernate Tools 4.3.1 -->
<hibernate-mapping>
    <class name="com.vbrain.hibernate.sql.model.MturkEndpoint" table="MturkEndpoint" catalog="wfdb" optimistic-lock="version">
        <id name="id" type="java.lang.Long">
            <column name="id" />
            <generator class="identity" />
        </id>
        <property name="accessKey" type="string">
            <column name="accessKey" not-null="true" />
        </property>
        <property name="driverId" type="string">
            <column name="driverId" />
        </property>
        <property name="mturkUrlProduction" type="string">
            <column name="mturkUrlProduction" />
        </property>
        <property name="mturkUrlTest" type="string">
            <column name="mturkUrlTest" />
        </property>
        <property name="oopsProductionUrl" type="string">
            <column name="oopsProductionUrl" />
        </property>
        <property name="oopsSandboxUrl" type="string">
            <column name="oopsSandboxUrl" />
        </property>
        <property name="productionSubmitUrl" type="string">
            <column name="productionSubmitUrl" />
        </property>
        <property name="sandboxSubmitUrl" type="string">
            <column name="sandboxSubmitUrl" />
        </property>
        <property name="secretKey" type="string">
            <column name="secretKey" not-null="true" />
        </property>
        <property name="secureProductionSubmitUrl" type="string">
            <column name="secureProductionSubmitUrl" />
        </property>
        <property name="secureSandboxSubmitUrl" type="string">
            <column name="secureSandboxSubmitUrl" />
        </property>
        <property name="productionSearchUrl" type="string">
            <column name="productionSearchUrl" />
        </property>
        <property name="sandboxSearchUrl" type="string">
            <column name="sandboxSearchUrl" />
        </property>
        <property name="notificationDestinationUrl" type="string">
            <column name="notificationDestinationUrl" />
        </property>
        <property name="supportsElance" type="java.lang.Boolean">
            <column name="supportsElance" />
        </property>
        <property name="createInviteOnlyElanceJobs" type="java.lang.Boolean">
            <column name="createInviteOnlyElanceJobs" />
        </property>
        <set name="licenses" table="License" inverse="true" lazy="true" fetch="select">
            <key>
                <column name="endpoint_id" />
            </key>
            <one-to-many class="com.vbrain.hibernate.sql.model.License" />
        </set>
    </class>
</hibernate-mapping>
