<?xml version="1.0"?>
<!DOCTYPE hibernate-mapping PUBLIC "-//Hibernate/Hibernate Mapping DTD 3.0//EN"
"http://www.hibernate.org/dtd/hibernate-mapping-3.0.dtd">
<!-- Generated 7-Jun-2019 10:33:13 AM by Hibernate Tools 4.3.1 -->
<hibernate-mapping>
    <class name="com.vbrain.hibernate.sql.model.QuestionMixStrategy" table="QuestionMixStrategy" catalog="wfdb" optimistic-lock="version">
        <id name="id" type="java.lang.Long">
            <column name="id" />
            <generator class="identity" />
        </id>
        <property name="blockSize" type="java.lang.Integer">
            <column name="blockSize" />
        </property>
        <property name="goldItemSize" type="java.lang.Integer">
            <column name="goldItemSize" />
        </property>
        <property name="repeated" type="java.lang.Boolean">
            <column name="repeated" />
        </property>
        <property name="additionalRows" type="java.lang.Integer">
            <column name="additionalRows" />
        </property>
        <property name="mainRows" type="java.lang.Integer">
            <column name="mainRows" />
        </property>
        <property name="goldRatio" type="java.lang.Boolean">
            <column name="goldRatio" />
        </property>
        <property name="goldPercentage" type="java.lang.Integer">
            <column name="goldPercentage" />
        </property>
        <set name="runs" table="Run" inverse="true" lazy="true" fetch="select">
            <key>
                <column name="mixStrategy_id" />
            </key>
            <one-to-many class="com.vbrain.hibernate.sql.model.Run" />
        </set>
        <set name="runs_1" table="Run" inverse="true" lazy="true" fetch="select">
            <key>
                <column name="mixStrategy_id" />
            </key>
            <one-to-many class="com.vbrain.hibernate.sql.model.Run" />
        </set>
    </class>
</hibernate-mapping>
