<?xml version="1.0"?>
<!DOCTYPE hibernate-mapping PUBLIC "-//Hibernate/Hibernate Mapping DTD 3.0//EN"
"http://www.hibernate.org/dtd/hibernate-mapping-3.0.dtd">
<!-- Generated 7-Jun-2019 10:33:13 AM by Hibernate Tools 4.3.1 -->
<hibernate-mapping>
    <class name="com.vbrain.hibernate.sql.model.Question" table="Question" catalog="wfdb" optimistic-lock="version">
        <id name="id" type="java.lang.Long">
            <column name="id" />
            <generator class="identity" />
        </id>
        <many-to-one name="fieldSchema" class="com.vbrain.hibernate.sql.model.FieldSchema" fetch="select">
            <column name="workSpacePreviewScheme_id" />
        </many-to-one>
        <many-to-one name="qualificationPreset" class="com.vbrain.hibernate.sql.model.QualificationPreset" fetch="select">
            <column name="qualificationPreset_id" />
        </many-to-one>
        <many-to-one name="workSetting" class="com.vbrain.hibernate.sql.model.WorkSetting" fetch="select">
            <column name="workSetting_id" not-null="true" />
        </many-to-one>
        <many-to-one name="workforce" class="com.vbrain.hibernate.sql.model.Workforce" fetch="select">
            <column name="workforce_id" />
        </many-to-one>
        <property name="amount" type="java.lang.Double">
            <column name="amount" precision="22" scale="0" />
        </property>
        <property name="assignmentDuration" type="java.lang.Long">
            <column name="assignmentDuration" />
        </property>
        <property name="autoApprovalDelay" type="java.lang.Long">
            <column name="autoApprovalDelay" />
        </property>
        <property name="availabilityExpression" type="string">
            <column name="availabilityExpression" />
        </property>
        <property name="categoryType" type="string">
            <column name="category_type" />
        </property>
        <property name="currency" type="string">
            <column name="currency" length="20" not-null="true" />
        </property>
        <property name="description" type="string">
            <column name="description" length="2000" not-null="true" />
        </property>
        <property name="expiredTime" type="java.lang.Long">
            <column name="expiredTime" />
        </property>
        <property name="externalFormUrl" type="string">
            <column name="externalFormUrl" length="1000" />
        </property>
        <property name="frameHeight" type="java.lang.Long">
            <column name="frameHeight" />
        </property>
        <property name="goldenStandardInd" type="java.lang.Boolean">
            <column name="goldenStandardInd" />
        </property>
        <property name="hitTypeId" type="string">
            <column name="hitTypeId" length="100" />
        </property>
        <property name="keywords" type="string">
            <column name="keywords" length="1000" not-null="true" />
        </property>
        <property name="maxAssignments" type="long">
            <column name="maxAssignments" not-null="true" />
        </property>
        <property name="qualificationRequirementsRequiredForPreview" type="java.lang.Boolean">
            <column name="qualificationRequirementsRequiredForPreview" />
        </property>
        <property name="randomizeAnswers" type="java.lang.Boolean">
            <column name="randomizeAnswers" />
        </property>
        <property name="registerHitTypeHashCode" type="java.lang.Integer">
            <column name="registerHitTypeHashCode" />
        </property>
        <property name="sandboxHitTypeId" type="string">
            <column name="sandboxHitTypeId" length="100" />
        </property>
        <property name="sandboxHitTypeHashCode" type="java.lang.Integer">
            <column name="sandboxHitTypeHashCode" />
        </property>
        <property name="uuid" type="string">
            <column name="uuid" length="36" not-null="true" unique="true" />
        </property>
        <property name="automaticallyProcessed" type="java.lang.Long">
            <column name="automaticallyProcessed" />
        </property>
        <property name="creationDate" type="timestamp">
            <column name="creationDate" length="19" not-null="true" />
        </property>
        <property name="lastModified" type="timestamp">
            <column name="lastModified" length="19" not-null="true" />
        </property>
        <property name="assignmentLimit" type="long">
            <column name="assignmentLimit" not-null="true" />
        </property>
        <property name="abqUuid" type="string">
            <column name="abq_uuid" length="36" />
        </property>
        <property name="status" type="string">
            <column name="status" not-null="true" />
        </property>
        <property name="recursiveThreshold" type="java.lang.Integer">
            <column name="recursiveThreshold" />
        </property>
        <property name="blockSize" type="java.lang.Integer">
            <column name="blockSize" />
        </property>
        <property name="pendingAssignmentsLimit" type="java.lang.Integer">
            <column name="pendingAssignmentsLimit" />
        </property>
        <property name="attrs" type="string">
            <column name="attrs" length="2000" />
        </property>
        <property name="uniqueColumnName" type="string">
            <column name="uniqueColumnName" length="128" />
        </property>
        <property name="qualificationTasks" type="java.lang.Integer">
            <column name="qualificationTasks" />
        </property>
        <property name="taskNotificationSchedule" type="string">
            <column name="taskNotificationSchedule" />
        </property>
        <property name="title" type="string">
            <column name="title" length="128" />
        </property>
        <property name="isConstQualifiedWorkers" type="java.lang.Boolean">
            <column name="isConstQualifiedWorkers" />
        </property>
        <property name="numQualifiedWorkers" type="java.lang.Integer">
            <column name="numQualifiedWorkers" />
        </property>
        <property name="moderationFlag" type="java.lang.Boolean">
            <column name="moderationFlag" />
        </property>
        <property name="origination" type="string">
            <column name="origination" length="50" not-null="true" />
        </property>
        <property name="qualificationInstruction" type="string">
            <column name="qualificationInstruction" length="2000" />
        </property>
        <property name="geolocationEnabled" type="boolean">
            <column name="geolocationEnabled" not-null="true" />
        </property>
        <property name="useCommonHitCoordinates" type="boolean">
            <column name="useCommonHitCoordinates" not-null="true" />
        </property>
        <property name="latitude" type="java.lang.Double">
            <column name="latitude" precision="10" scale="6" />
        </property>
        <property name="longitude" type="java.lang.Double">
            <column name="longitude" precision="10" scale="6" />
        </property>
        <property name="radius" type="java.lang.Integer">
            <column name="radius" />
        </property>
        <property name="latitudeColumnName" type="string">
            <column name="latitudeColumnName" length="128" />
        </property>
        <property name="longitudeColumnName" type="string">
            <column name="longitudeColumnName" length="128" />
        </property>
        <property name="dynamicTaskRenderingDisabled" type="boolean">
            <column name="dynamicTaskRenderingDisabled" not-null="true" />
        </property>
        <property name="radiusSelector" type="string">
            <column name="radiusSelector" length="20" />
        </property>
        <property name="crowdPricesJson" type="string">
            <column name="crowdPricesJson" length="65535" />
        </property>
        <property name="componentUuid" type="string">
            <column name="componentUuid" length="36" />
        </property>
        <property name="lastInChain" type="boolean">
            <column name="lastInChain" not-null="true" />
        </property>
        <property name="versionUuid" type="string">
            <column name="versionUuid" length="36" not-null="true" unique="true" />
        </property>
        <property name="incrementalVersion" type="string">
            <column name="incrementalVersion" length="10" not-null="true" />
        </property>
        <property name="workSpacePreviewData" type="string">
            <column name="workSpacePreviewData" length="65535" />
        </property>
        <property name="dataStoreNamedQueries" type="string">
            <column name="dataStoreNamedQueries" length="65535" />
        </property>
        <set name="runs" table="Run" inverse="true" lazy="true" fetch="select">
            <key>
                <column name="question_id" />
            </key>
            <one-to-many class="com.vbrain.hibernate.sql.model.Run" />
        </set>
        <set name="campaigns" table="Campaign" inverse="true" lazy="true" fetch="select">
            <key>
                <column name="question_id" />
            </key>
            <one-to-many class="com.vbrain.hibernate.sql.model.Campaign" />
        </set>
    </class>
</hibernate-mapping>
