<?xml version="1.0"?>
<!DOCTYPE hibernate-mapping PUBLIC "-//Hibernate/Hibernate Mapping DTD 3.0//EN"
"http://www.hibernate.org/dtd/hibernate-mapping-3.0.dtd">
<!-- Generated 7-Jun-2019 10:33:13 AM by Hibernate Tools 4.3.1 -->
<hibernate-mapping>
    <class name="com.vbrain.hibernate.sql.model.Run" table="Run" catalog="wfdb" optimistic-lock="version">
        <id name="id" type="java.lang.Long">
            <column name="id" />
            <generator class="identity" />
        </id>
        <many-to-one name="applicationUser" class="com.vbrain.hibernate.sql.model.ApplicationUser" fetch="select">
            <column name="createdBy" />
        </many-to-one>
        <many-to-one name="bonusStrategy" class="com.vbrain.hibernate.sql.model.BonusStrategy" fetch="select">
            <column name="BONUS_STRATEGY_ID" />
        </many-to-one>
        <many-to-one name="campaign" class="com.vbrain.hibernate.sql.model.Campaign" fetch="select">
            <column name="campaign_id" not-null="true" />
        </many-to-one>
        <many-to-one name="campaignMap" class="com.vbrain.hibernate.sql.model.CampaignMap" fetch="select">
            <column name="campaignMap_id" />
        </many-to-one>
        <many-to-one name="fieldSchema" class="com.vbrain.hibernate.sql.model.FieldSchema" fetch="select">
            <column name="fieldSchemaId" />
        </many-to-one>
        <many-to-one name="question" class="com.vbrain.hibernate.sql.model.Question" fetch="select">
            <column name="question_id" />
        </many-to-one>
        <many-to-one name="questionMixStrategy" class="com.vbrain.hibernate.sql.model.QuestionMixStrategy" fetch="select">
            <column name="mixStrategy_id" />
        </many-to-one>
        <many-to-one name="run" class="com.vbrain.hibernate.sql.model.Run" fetch="select">
            <column name="rootRunUUID" />
        </many-to-one>
        <many-to-one name="runDescription" class="com.vbrain.hibernate.sql.model.RunDescription" fetch="select">
            <column name="description_id" />
        </many-to-one>
        <many-to-one name="scheduledUploadRequirement" class="com.vbrain.hibernate.sql.model.ScheduledUploadRequirement" fetch="select">
            <column name="scheduledUploadRequirement" />
        </many-to-one>
        <many-to-one name="taskDisplayPriority" class="com.vbrain.hibernate.sql.model.TaskDisplayPriority" fetch="select">
            <column name="taskDisplayPriority_id" />
        </many-to-one>
        <property name="competedSubmissions" type="int">
            <column name="competedSubmissions" not-null="true" />
        </property>
        <property name="endDate" type="timestamp">
            <column name="endDate" length="19" />
        </property>
        <property name="sandboxInd" type="boolean">
            <column name="sandboxInd" not-null="true" />
        </property>
        <property name="startDate" type="timestamp">
            <column name="startDate" length="19" not-null="true" />
        </property>
        <property name="status" type="string">
            <column name="status" not-null="true" />
        </property>
        <property name="submissionSize" type="int">
            <column name="submissionSize" not-null="true" />
        </property>
        <property name="uuid" type="string">
            <column name="uuid" length="36" not-null="true" unique="true" />
        </property>
        <property name="recursiveCount" type="java.lang.Integer">
            <column name="recursiveCount" />
        </property>
        <property name="title" type="string">
            <column name="title" length="128" />
        </property>
        <property name="source" type="string">
            <column name="source" />
        </property>
        <property name="parentRunUuid" type="string">
            <column name="parentRunUUID" length="2000" />
        </property>
        <property name="childrenRunUuid" type="string">
            <column name="childrenRunUUID" length="2000" />
        </property>
        <property name="executingType" type="string">
            <column name="executingType" not-null="true" />
        </property>
        <property name="runType" type="string">
            <column name="runType" not-null="true" />
        </property>
        <property name="submitted" type="java.lang.Boolean">
            <column name="submitted" />
        </property>
        <property name="blockSize" type="java.lang.Integer">
            <column name="blockSize" />
        </property>
        <property name="masterRequired" type="boolean">
            <column name="masterRequired" not-null="true" />
        </property>
        <property name="workerCount" type="long">
            <column name="workerCount" not-null="true" />
        </property>
        <property name="hasProcessingIssues" type="boolean">
            <column name="hasProcessingIssues" not-null="true" />
        </property>
        <property name="lastChildCompletionDate" type="timestamp">
            <column name="lastChildCompletionDate" length="19" />
        </property>
        <property name="dueDate" type="timestamp">
            <column name="dueDate" length="19" />
        </property>
        <property name="forceComplete" type="java.lang.Boolean">
            <column name="forceComplete" />
        </property>
        <property name="forceCompletePercent" type="java.lang.Byte">
            <column name="forceCompletePercent" />
        </property>
        <property name="forceCompleteIdleTime" type="java.lang.Long">
            <column name="forceCompleteIdleTime" />
        </property>
        <property name="recordCount" type="int">
            <column name="recordCount" not-null="true" />
        </property>
        <property name="totalAssignmentCount" type="int">
            <column name="totalAssignmentCount" not-null="true" />
        </property>
        <property name="recordProcessingStatus" type="string">
            <column name="recordProcessingStatus" length="20" not-null="true" />
        </property>
        <property name="businessProcessStatus" type="string">
            <column name="businessProcessStatus" length="20" />
        </property>
        <property name="purged" type="java.lang.Boolean">
            <column name="purged" />
        </property>
        <set name="runs" table="Run" inverse="true" lazy="true" fetch="select">
            <key>
                <column name="rootRunUUID" />
            </key>
            <one-to-many class="com.vbrain.hibernate.sql.model.Run" />
        </set>
    </class>
</hibernate-mapping>
