<?xml version="1.0"?>
<!DOCTYPE hibernate-mapping PUBLIC "-//Hibernate/Hibernate Mapping DTD 3.0//EN"
"http://www.hibernate.org/dtd/hibernate-mapping-3.0.dtd">
<!-- Generated 7-Jun-2019 10:33:13 AM by Hibernate Tools 4.3.1 -->
<hibernate-mapping>
    <class name="com.vbrain.hibernate.sql.model.RunDescription" table="RunDescription" catalog="wfdb" optimistic-lock="version">
        <id name="id" type="java.lang.Long">
            <column name="id" />
            <generator class="identity" />
        </id>
        <many-to-one name="automationSetup" class="com.vbrain.hibernate.sql.model.AutomationSetup" fetch="select">
            <column name="automationSetupId" />
        </many-to-one>
        <many-to-one name="fieldSchema" class="com.vbrain.hibernate.sql.model.FieldSchema" fetch="select">
            <column name="workSpacePreviewScheme_id" />
        </many-to-one>
        <many-to-one name="workforce" class="com.vbrain.hibernate.sql.model.Workforce" fetch="select">
            <column name="workforce_id" />
        </many-to-one>
        <property name="blockSize" type="java.lang.Integer">
            <column name="blockSize" />
        </property>
        <property name="goldFiles" type="string">
            <column name="goldFiles" length="65535" />
        </property>
        <property name="goldRun" type="java.lang.Boolean">
            <column name="goldRun" />
        </property>
        <property name="subject" type="string">
            <column name="subject" />
        </property>
        <property name="snapshotType" type="string">
            <column name="snapshotType" />
        </property>
        <property name="fileSeparator" type="string">
            <column name="fileSeparator" />
        </property>
        <property name="snapshotIncludeApprovedAnswer" type="java.lang.Boolean">
            <column name="snapshotIncludeApprovedAnswer" />
        </property>
        <property name="automaticallyRefreshed" type="long">
            <column name="automaticallyRefreshed" not-null="true" />
        </property>
        <property name="mapping" type="string">
            <column name="mapping" length="65535" />
        </property>
        <property name="snapshotRoot" type="java.lang.Boolean">
            <column name="snapshotRoot" />
        </property>
        <property name="streamingValue" type="java.lang.Integer">
            <column name="streamingValue" />
        </property>
        <property name="expirationData" type="string">
            <column name="expirationData" length="2500" />
        </property>
        <property name="taskDisplayPriority" type="java.lang.Byte">
            <column name="taskDisplayPriority" />
        </property>
        <property name="ccfJsonProperties" type="string">
            <column name="ccfJsonProperties" length="65535" />
        </property>
        <property name="taskParams" type="string">
            <column name="taskParams" />
        </property>
        <property name="batchSize" type="java.lang.Integer">
            <column name="batchSize" />
        </property>
        <property name="threadCount" type="java.lang.Integer">
            <column name="threadCount" />
        </property>
        <property name="goldMapping" type="string">
            <column name="goldMapping" length="65535" />
        </property>
        <property name="streamingValueType" type="string">
            <column name="streamingValueType" />
        </property>
        <property name="jsonRunEstimates" type="string">
            <column name="jsonRunEstimates" length="65535" />
        </property>
        <property name="workforce_1" type="string">
            <column name="workforce" length="500" />
        </property>
        <property name="dueDatePeriod" type="java.lang.Long">
            <column name="dueDatePeriod" />
        </property>
        <property name="stepDescription" type="string">
            <column name="stepDescription" />
        </property>
        <property name="scheduleDateType" type="string">
            <column name="scheduleDateType" />
        </property>
        <property name="automationType" type="string">
            <column name="automationType" not-null="true" />
        </property>
        <property name="snapshotParams" type="string">
            <column name="snapshotParams" length="65535" />
        </property>
        <property name="automaticallyProcessedRecordCount" type="int">
            <column name="automaticallyProcessedRecordCount" not-null="true" />
        </property>
        <property name="dynamicTaskRenderingDisabled" type="boolean">
            <column name="dynamicTaskRenderingDisabled" not-null="true" />
        </property>
        <property name="automationEstimation" type="string">
            <column name="automationEstimation" />
        </property>
        <property name="uploadResults" type="java.lang.Boolean">
            <column name="uploadResults" />
        </property>
        <property name="uploadResultsType" type="string">
            <column name="uploadResultsType" />
        </property>
        <property name="maximumProcessingCount" type="java.lang.Integer">
            <column name="maximumProcessingCount" />
        </property>
        <property name="paused" type="java.lang.Boolean">
            <column name="paused" />
        </property>
        <property name="isQualificationTraining" type="java.lang.Boolean">
            <column name="isQualificationTraining" />
        </property>
        <property name="budget" type="double">
            <column name="budget" precision="22" scale="0" not-null="true" />
        </property>
        <property name="crowdPricesJson" type="string">
            <column name="crowdPricesJson" length="65535" />
        </property>
        <property name="currentCrowdPricesJson" type="string">
            <column name="currentCrowdPricesJson" length="65535" />
        </property>
        <property name="workSpacePreviewData" type="string">
            <column name="workSpacePreviewData" length="65535" />
        </property>
        <set name="runs" table="Run" inverse="true" lazy="true" fetch="select">
            <key>
                <column name="description_id" />
            </key>
            <one-to-many class="com.vbrain.hibernate.sql.model.Run" />
        </set>
        <set name="runs_1" table="Run" inverse="true" lazy="true" fetch="select">
            <key>
                <column name="description_id" />
            </key>
            <one-to-many class="com.vbrain.hibernate.sql.model.Run" />
        </set>
    </class>
</hibernate-mapping>
