<?xml version="1.0"?>
<!DOCTYPE hibernate-mapping PUBLIC "-//Hibernate/Hibernate Mapping DTD 3.0//EN"
"http://www.hibernate.org/dtd/hibernate-mapping-3.0.dtd">
<!-- Generated 7-Jun-2019 10:33:13 AM by Hibernate Tools 4.3.1 -->
<hibernate-mapping>
    <class name="com.vbrain.hibernate.sql.model.Schedule" table="Schedule" catalog="wfdb" optimistic-lock="version">
        <id name="id" type="java.lang.Long">
            <column name="id" />
            <generator class="identity" />
        </id>
        <property name="accountUuid" type="string">
            <column name="accountUuid" length="36" not-null="true" />
        </property>
        <property name="creationDate" type="timestamp">
            <column name="creationDate" length="19" not-null="true" />
        </property>
        <property name="firstSchedulePoint" type="timestamp">
            <column name="firstSchedulePoint" length="19" />
        </property>
        <property name="forPeriod" type="string">
            <column name="forPeriod" />
        </property>
        <property name="frequency" type="java.lang.Integer">
            <column name="frequency" />
        </property>
        <property name="lastSchedulePoint" type="timestamp">
            <column name="lastSchedulePoint" length="19" />
        </property>
        <property name="deleted" type="java.lang.Boolean">
            <column name="deleted" />
        </property>
        <property name="cronExpression" type="string">
            <column name="cronExpression" length="500" />
        </property>
        <set name="machineCampaignSchedules" table="MachineCampaignSchedule" inverse="true" lazy="true" fetch="select">
            <key>
                <column name="scheduleId" not-null="true" />
            </key>
            <one-to-many class="com.vbrain.hibernate.sql.model.MachineCampaignSchedule" />
        </set>
    </class>
</hibernate-mapping>
