<?xml version="1.0"?>
<!DOCTYPE hibernate-mapping PUBLIC "-//Hibernate/Hibernate Mapping DTD 3.0//EN"
"http://www.hibernate.org/dtd/hibernate-mapping-3.0.dtd">
<!-- Generated 7-Jun-2019 10:33:13 AM by Hibernate Tools 4.3.1 -->
<hibernate-mapping>
    <class name="com.vbrain.hibernate.sql.model.ScheduledUploadRequirement" table="ScheduledUploadRequirement" catalog="wfdb" optimistic-lock="version">
        <id name="id" type="java.lang.Long">
            <column name="id" />
            <generator class="identity" />
        </id>
        <many-to-one name="applicationUser" class="com.vbrain.hibernate.sql.model.ApplicationUser" fetch="select">
            <column name="userId" />
        </many-to-one>
        <many-to-one name="campaign" class="com.vbrain.hibernate.sql.model.Campaign" fetch="select">
            <column name="CAMPAIGN" />
        </many-to-one>
        <many-to-one name="campaignDataSource" class="com.vbrain.hibernate.sql.model.CampaignDataSource" fetch="select">
            <column name="DATA_SOURCE" />
        </many-to-one>
        <many-to-one name="machineCampaignSchedule" class="com.vbrain.hibernate.sql.model.MachineCampaignSchedule" fetch="select">
            <column name="machineCampaignSchedule" />
        </many-to-one>
        <property name="description" type="string">
            <column name="description" />
        </property>
        <property name="name" type="string">
            <column name="name" length="256" not-null="true" />
        </property>
        <property name="blockSize" type="java.lang.Integer">
            <column name="blockSize" />
        </property>
        <property name="sandboxInd" type="java.lang.Boolean">
            <column name="sandboxInd" />
        </property>
        <property name="completed" type="java.lang.Boolean">
            <column name="completed" />
        </property>
        <property name="firstSchedulePoint" type="timestamp">
            <column name="firstSchedulePoint" length="19" />
        </property>
        <property name="lastSchedulePoint" type="timestamp">
            <column name="lastSchedulePoint" length="19" />
        </property>
        <property name="streamingValueType" type="string">
            <column name="streamingValueType" length="10" />
        </property>
        <property name="streamingValue" type="java.lang.Integer">
            <column name="streamingValue" />
        </property>
        <property name="uploadResults" type="boolean">
            <column name="uploadResults" not-null="true" />
        </property>
        <property name="uploadResultsType" type="string">
            <column name="uploadResultsType" not-null="true" />
        </property>
        <property name="maximumProcessingCount" type="java.lang.Integer">
            <column name="maximumProcessingCount" />
        </property>
        <property name="status" type="string">
            <column name="status" not-null="true" />
        </property>
        <property name="tags" type="string">
            <column name="tags" length="200" />
        </property>
        <property name="failed" type="boolean">
            <column name="failed" not-null="true" />
        </property>
        <set name="runs" table="Run" inverse="true" lazy="true" fetch="select">
            <key>
                <column name="scheduledUploadRequirement" />
            </key>
            <one-to-many class="com.vbrain.hibernate.sql.model.Run" />
        </set>
    </class>
</hibernate-mapping>
