<?xml version="1.0"?>
<!DOCTYPE hibernate-mapping PUBLIC "-//Hibernate/Hibernate Mapping DTD 3.0//EN"
"http://www.hibernate.org/dtd/hibernate-mapping-3.0.dtd">
<!-- Generated 7-Jun-2019 10:33:13 AM by Hibernate Tools 4.3.1 -->
<hibernate-mapping>
    <class name="com.vbrain.hibernate.sql.model.TaskDisplayPriority" table="TaskDisplayPriority" catalog="wfdb" optimistic-lock="version">
        <id name="id" type="java.lang.Long">
            <column name="id" />
            <generator class="identity" />
        </id>
        <property name="name" type="string">
            <column name="name" not-null="true" unique="true" />
        </property>
        <property name="value" type="byte">
            <column name="value" not-null="true" unique="true" />
        </property>
        <set name="runs" table="Run" inverse="true" lazy="true" fetch="select">
            <key>
                <column name="taskDisplayPriority_id" />
            </key>
            <one-to-many class="com.vbrain.hibernate.sql.model.Run" />
        </set>
        <set name="runs_1" table="Run" inverse="true" lazy="true" fetch="select">
            <key>
                <column name="taskDisplayPriority_id" />
            </key>
            <one-to-many class="com.vbrain.hibernate.sql.model.Run" />
        </set>
    </class>
</hibernate-mapping>
