<?xml version="1.0"?>
<!DOCTYPE hibernate-mapping PUBLIC "-//Hibernate/Hibernate Mapping DTD 3.0//EN"
"http://www.hibernate.org/dtd/hibernate-mapping-3.0.dtd">
<!-- Generated 7-Jun-2019 10:33:13 AM by Hibernate Tools 4.3.1 -->
<hibernate-mapping>
    <class name="com.vbrain.hibernate.sql.model.Template" table="Template" catalog="wfdb" optimistic-lock="version">
        <id name="id" type="java.lang.Long">
            <column name="id" />
            <generator class="identity" />
        </id>
        <many-to-one name="template" class="com.vbrain.hibernate.sql.model.Template" fetch="select">
            <column name="baseTemplate_id" />
        </many-to-one>
        <property name="code" type="string">
            <column name="code" length="100" />
        </property>
        <property name="content" type="string">
            <column name="content" not-null="true" />
        </property>
        <property name="creationDate" type="timestamp">
            <column name="creationDate" length="19" not-null="true" />
        </property>
        <property name="lastModified" type="timestamp">
            <column name="lastModified" length="19" not-null="true" />
        </property>
        <property name="name" type="string">
            <column name="name" not-null="true" />
        </property>
        <property name="type" type="string">
            <column name="type" not-null="true" />
        </property>
        <property name="uuid" type="string">
            <column name="uuid" length="150" not-null="true" unique="true" />
        </property>
        <property name="previewParams" type="string">
            <column name="previewParams" length="65535" />
        </property>
        <property name="creationType" type="string">
            <column name="creationType" />
        </property>
        <property name="status" type="string">
            <column name="status" not-null="true" />
        </property>
        <property name="origination" type="string">
            <column name="origination" length="50" not-null="true" />
        </property>
        <property name="componentUuid" type="string">
            <column name="componentUuid" length="36" />
        </property>
        <property name="lastInChain" type="boolean">
            <column name="lastInChain" not-null="true" />
        </property>
        <property name="versionUuid" type="string">
            <column name="versionUuid" length="36" not-null="true" unique="true" />
        </property>
        <property name="incrementalVersion" type="string">
            <column name="incrementalVersion" length="10" not-null="true" />
        </property>
        <set name="machineConfigs" table="MACHINE_CONFIG" inverse="true" lazy="true" fetch="select">
            <key>
                <column name="template_id" not-null="true" />
            </key>
            <one-to-many class="com.vbrain.hibernate.sql.model.MachineConfig" />
        </set>
        <set name="workSettings" table="WorkSetting" inverse="true" lazy="true" fetch="select">
            <key>
                <column name="template_id" not-null="true" />
            </key>
            <one-to-many class="com.vbrain.hibernate.sql.model.WorkSetting" />
        </set>
        <set name="machineWorkSettings" table="MachineWorkSetting" inverse="true" lazy="true" fetch="select">
            <key>
                <column name="template_id" not-null="true" />
            </key>
            <one-to-many class="com.vbrain.hibernate.sql.model.MachineWorkSetting" />
        </set>
        <set name="templates" table="Template" inverse="true" lazy="true" fetch="select">
            <key>
                <column name="baseTemplate_id" />
            </key>
            <one-to-many class="com.vbrain.hibernate.sql.model.Template" />
        </set>
        <set name="bonusStrategies" table="BONUS_STRATEGY" inverse="true" lazy="true" fetch="select">
            <key>
                <column name="TEMPLATE" />
            </key>
            <one-to-many class="com.vbrain.hibernate.sql.model.BonusStrategy" />
        </set>
    </class>
</hibernate-mapping>
