<?xml version="1.0"?>
<!DOCTYPE hibernate-mapping PUBLIC "-//Hibernate/Hibernate Mapping DTD 3.0//EN"
"http://www.hibernate.org/dtd/hibernate-mapping-3.0.dtd">
<!-- Generated 7-Jun-2019 10:33:13 AM by Hibernate Tools 4.3.1 -->
<hibernate-mapping>
    <class name="com.vbrain.hibernate.sql.model.WorkCategory" table="WorkCategory" catalog="wfdb" optimistic-lock="version">
        <id name="id" type="java.lang.Long">
            <column name="id" />
            <generator class="identity" />
        </id>
        <many-to-one name="image" class="com.vbrain.hibernate.sql.model.Image" fetch="select">
            <column name="iconId" />
        </many-to-one>
        <property name="description" type="string">
            <column name="description" length="1000" />
        </property>
        <property name="name" type="string">
            <column name="name" length="100" not-null="true" />
        </property>
        <property name="publicId" type="string">
            <column name="publicId" length="64" not-null="true" unique="true" />
        </property>
        <property name="executingType" type="string">
            <column name="executing_type" not-null="true" />
        </property>
        <property name="enabled" type="boolean">
            <column name="enabled" not-null="true" />
        </property>
        <property name="deleted" type="java.lang.Boolean">
            <column name="deleted" />
        </property>
        <property name="automation" type="boolean">
            <column name="automation" not-null="true" />
        </property>
        <property name="isPrivate" type="java.lang.Boolean">
            <column name="isPrivate" />
        </property>
        <set name="workSettings" table="WorkSetting" inverse="true" lazy="true" fetch="select">
            <key>
                <column name="category_id" not-null="true" />
            </key>
            <one-to-many class="com.vbrain.hibernate.sql.model.WorkSetting" />
        </set>
        <set name="machineWorkSettings" table="MachineWorkSetting" inverse="true" lazy="true" fetch="select">
            <key>
                <column name="category_id" not-null="true" />
            </key>
            <one-to-many class="com.vbrain.hibernate.sql.model.MachineWorkSetting" />
        </set>
    </class>
</hibernate-mapping>
