<?xml version="1.0"?>
<!DOCTYPE hibernate-mapping PUBLIC "-//Hibernate/Hibernate Mapping DTD 3.0//EN"
"http://www.hibernate.org/dtd/hibernate-mapping-3.0.dtd">
<!-- Generated 7-Jun-2019 10:33:13 AM by Hibernate Tools 4.3.1 -->
<hibernate-mapping>
    <class name="com.vbrain.hibernate.sql.model.Workforce" table="Workforce" catalog="wfdb" optimistic-lock="version">
        <id name="id" type="java.lang.Long">
            <column name="id" />
            <generator class="identity" />
        </id>
        <many-to-one name="applicationUser" class="com.vbrain.hibernate.sql.model.ApplicationUser" fetch="select">
            <column name="createdBy" not-null="true" />
        </many-to-one>
        <many-to-one name="businessRule" class="com.vbrain.hibernate.sql.model.BusinessRule" fetch="select">
            <column name="distributionRule_id" not-null="true" />
        </many-to-one>
        <property name="name" type="string">
            <column name="name" length="100" not-null="true" />
        </property>
        <property name="description" type="string">
            <column name="description" />
        </property>
        <property name="created" type="timestamp">
            <column name="created" length="19" not-null="true" />
        </property>
        <property name="idleTime" type="java.lang.Long">
            <column name="idleTime" />
        </property>
        <property name="averageDurationThreshold" type="int">
            <column name="averageDurationThreshold" not-null="true" />
        </property>
        <property name="speedCalculationThreshold" type="int">
            <column name="speedCalculationThreshold" not-null="true" />
        </property>
        <property name="uuid" type="string">
            <column name="uuid" length="36" not-null="true" unique="true" />
        </property>
        <set name="runDescriptions" table="RunDescription" inverse="true" lazy="true" fetch="select">
            <key>
                <column name="workforce_id" />
            </key>
            <one-to-many class="com.vbrain.hibernate.sql.model.RunDescription" />
        </set>
        <set name="questions" table="Question" inverse="true" lazy="true" fetch="select">
            <key>
                <column name="workforce_id" />
            </key>
            <one-to-many class="com.vbrain.hibernate.sql.model.Question" />
        </set>
    </class>
</hibernate-mapping>
